호선,출발역 ID,출발역,출발역 경도,출발역 위도,도착역 ID,도착역,도착역 경도,도착역 위도,소요시간
1,1919,연천,127.073673786091,38.1006071628556,1918,전곡,127.071725088088,38.0244410116172,8
1,1918,전곡,127.071725088088,38.0244410116172,1917,청산,127.074273958107,37.9950890028797,5
1,1917,청산,127.074273958107,37.9950890028797,1916,소요산,127.061128608638,37.9488975919392,6
1,1916,소요산,127.061128608638,37.9488975919392,1915,동두천,127.05492800053,37.9276132662293,4
1,1915,동두천,127.05492800053,37.9276132662293,1914,보산,127.0571810247491,37.914144018035586,2
1,1914,보산,127.0571810247491,37.914144018035586,1913,동두천중앙,127.05642330094,37.9017807357936,3
1,1913,동두천중앙,127.05642330094,37.9017807357936,1912,지행,127.05579309162063,37.892342734325595,2
1,1912,지행,127.05579309162063,37.892342734325595,1911,덕정,127.06155932141,37.8431876500694,5
1,1911,덕정,127.06155932141,37.8431876500694,1910,덕계,127.056691678415,37.8187525814885,3
1,1910,덕계,127.056691678415,37.8187525814885,1909,양주,127.044721319691,37.7741421622165,5
1,1909,양주,127.044721319691,37.7741421622165,1908,녹양,127.042279351606,37.759385253302,3
1,1908,녹양,127.042279351606,37.759385253302,1907,가능,127.044288264841,37.7483963196456,2
1,1907,가능,127.044288264841,37.7483963196456,1906,의정부,127.045956826767,37.7383624923599,2
1,1906,의정부,127.045956826767,37.7383624923599,1905,회룡,127.047295368138,37.7238058806629,3
1,1905,회룡,127.047295368138,37.7238058806629,1904,망월사,127.047418285506,37.7102191609902,3
1,1904,망월사,127.047418285506,37.7102191609902,1903,도봉산,127.04606271663916,37.68951167833238,3
1,1903,도봉산,127.04606271663916,37.68951167833238,1902,도봉,127.045534886672,37.6792119046658,2
1,1902,도봉,127.045534886672,37.6792119046658,1901,방학,127.044321721307,37.6674383662755,2
1,1901,방학,127.044321721307,37.6674383662755,1022,창동,127.047644999036,37.6533385121404,2
1,1022,창동,127.047644999036,37.6533385121404,1021,녹천,127.05138201885734,37.644633445567656,2
1,1021,녹천,127.05138201885734,37.644633445567656,1020,월계,127.058857087601,37.6332775453974,3
1,1020,월계,127.058857087601,37.6332775453974,1019,광운대,127.061695160651,37.6238373628149,3
1,1019,광운대,127.061695160651,37.6238373628149,1018,석계,127.06568946412851,37.61500552731744,2
1,1018,석계,127.06568946412851,37.61500552731744,1017,신이문,127.067398003775,37.6017816437084,3
1,1017,신이문,127.067398003775,37.6017816437084,1016,외대앞,127.06369251145765,37.596274142656114,1
1,1016,외대앞,127.06369251145765,37.596274142656114,1015,회기,127.058048369273,37.5897962196601,2
1,1015,회기,127.058048369273,37.5897962196601,158,청량리,127.04472723023305,37.580037056302906,3
1,158,청량리,127.04472723023305,37.580037056302906,157,제기동,127.03494949507864,37.57817349658033,2
1,157,제기동,127.03494949507864,37.57817349658033,156,신설동,127.024456700382,37.5760299683175,2
1,156,신설동,127.024456700382,37.5760299683175,159,동묘앞,127.016364227103,37.5732166600283,2
1,159,동묘앞,127.016364227103,37.5732166600283,155,동대문,127.01063381083677,37.571669405802616,2
1,155,동대문,127.01063381083677,37.571669405802616,154,종로5가,127.00153834521934,37.57097610838373,2
1,154,종로5가,127.00153834521934,37.57097610838373,153,종로3가,126.992153252476,37.570420844523,2
1,153,종로3가,126.992153252476,37.570420844523,152,종각,126.98315081716676,37.570227990912244,2
1,152,종각,126.98315081716676,37.570227990912244,151,시청,126.97719821079865,37.56534539636417,3
1,151,시청,126.97719821079865,37.56534539636417,150,서울역,126.96974961781686,37.55332892758497,2
1,150,서울역,126.96974961781686,37.55332892758497,1002,남영,126.97133096608212,37.540566672483216,3
1,1002,남영,126.97133096608212,37.540566672483216,1003,용산,126.96462961258051,37.52977356999725,3
1,1003,용산,126.96462961258051,37.52977356999725,1004,노량진,126.942109882124,37.5140547961008,3
1,1004,노량진,126.942109882124,37.5140547961008,1005,대방,126.92649449142719,37.51335413975466,3
1,1005,대방,126.92649449142719,37.51335413975466,1032,신길,126.91836721069228,37.51678703217714,1
1,1032,신길,126.91836721069228,37.51678703217714,1006,영등포,126.907550274975,37.5156726288261,3
1,1006,영등포,126.907550274975,37.5156726288261,1007,신도림,126.891312500851,37.508908482648,2
1,1007,신도림,126.891312500851,37.508908482648,1701,구로,126.88230806229326,37.50334155631282,3
1,1701,구로,126.88230806229326,37.50334155631282,1702,가산디지털단지,126.882614758479,37.4815311901749,4
1,1702,가산디지털단지,126.882614758479,37.4815311901749,1714,독산,126.88947790336374,37.46597376787178,3
1,1714,독산,126.88947790336374,37.46597376787178,1703,금천구청,126.893608614581,37.4561943743749,2
1,1703,금천구청,126.893608614581,37.4561943743749,1704,석수,126.90232078368835,37.43509293822681,3
1,1704,석수,126.90232078368835,37.43509293822681,1705,관악,126.90849999541258,37.41956795517324,3
1,1705,관악,126.90849999541258,37.41956795517324,1706,안양,126.922729807594,37.4016838636508,3
1,1706,안양,126.922729807594,37.4016838636508,1707,명학,126.935592791667,37.3844604191546,3
1,1707,명학,126.935592791667,37.3844604191546,1708,금정,126.94327003910128,37.37233746119409,2
1,1708,금정,126.94327003910128,37.37233746119409,1709,군포,126.948517502286,37.35419227847359,4
1,1709,군포,126.948517502286,37.35419227847359,1729,당정,126.94837119045768,37.343689819399884,2
1,1729,당정,126.94837119045768,37.343689819399884,1710,의왕,126.9479765012,37.3203421132836,2
1,1710,의왕,126.9479765012,37.3203421132836,1711,성균관대,126.971022000022,37.3003290017027,4
1,1711,성균관대,126.971022000022,37.3003290017027,1712,화서,126.9896120326472,37.2840016829776,3
1,1712,화서,126.9896120326472,37.2840016829776,1713,수원,127.00004960484385,37.26568218296588,3
1,1713,수원,127.00004960484385,37.26568218296588,1715,세류,127.01379969649852,37.243872520123844,3
1,1715,세류,127.01379969649852,37.243872520123844,1716,병점,127.03320037309325,37.206752699495524,5
1,1716,병점,127.03320037309325,37.206752699495524,1717,세마,127.043426817312,37.1871352848477,3
1,1717,세마,127.043426817312,37.1871352848477,1718,오산대,127.063075726398,37.1693504386917,3
1,1718,오산대,127.063075726398,37.1693504386917,1719,오산,127.066815431787,37.1455280131333,4
1,1719,오산,127.066815431787,37.1455280131333,1720,진위,127.062355993621,37.1100790285838,4
1,1720,진위,127.062355993621,37.1100790285838,1721,송탄,127.05428046136659,37.0757126572027,3
1,1721,송탄,127.05428046136659,37.0757126572027,1722,서정리,127.052881703722,37.0565637021655,3
1,1722,서정리,127.052881703722,37.0565637021655,1723,평택지제,127.07051382655925,37.01890215095567,5
1,1723,평택지제,127.07051382655925,37.01890215095567,1724,평택,127.085272971043,36.9908490091432,4
1,1724,평택,127.085272971043,36.9908490091432,1725,성환,127.126837110236,36.9159530167598,7
1,1725,성환,127.126837110236,36.9159530167598,1726,직산,127.143823728817,36.8709328418739,5
1,1726,직산,127.143823728817,36.8709328418739,1727,두정,127.14894257701431,36.833981274461074,5
1,1727,두정,127.14894257701431,36.833981274461074,1728,천안,127.14648879876161,36.81052305989757,5
1,1728,천안,127.14648879876161,36.81052305989757,1401,봉명,127.1360381121,36.8014198330363,2
1,1401,봉명,127.1360381121,36.8014198330363,1402,쌍용,127.121378271233,36.7937257780754,3
1,1402,쌍용,127.121378271233,36.7937257780754,1403,아산,127.104076682696,36.7921165665983,2
1,1403,아산,127.104076682696,36.7921165665983,1404,탕정,127.08439248328,36.7882087107804,3
1,1404,탕정,127.08439248328,36.7882087107804,1405,배방,127.052788090648,36.7776965014173,4
1,1405,배방,127.052788090648,36.7776965014173,1407,온양온천,127.003181472942,36.7805448837693,4
1,1407,온양온천,127.003181472942,36.7805448837693,1408,신창,126.951393082675,36.7696422998843,5
1,1701,구로,126.88230806229326,37.50334155631282,1813,구일,126.86969110539,37.496254517687,3
1,1813,구일,126.86969110539,37.496254517687,1801,개봉,126.858715959622,37.4946417150651,2
1,1801,개봉,126.858715959622,37.4946417150651,1802,오류동,126.84480744815397,37.49439720933549,2
1,1802,오류동,126.84480744815397,37.49439720933549,1821,온수,126.823828819915,37.4923999909922,3
1,1821,온수,126.823828819915,37.4923999909922,1803,역곡,126.81205931841492,37.48531525961914,2
1,1803,역곡,126.81205931841492,37.48531525961914,1814,소사,126.79564653125107,37.48280123201647,3
1,1814,소사,126.79564653125107,37.48280123201647,1804,부천,126.78308287157131,37.483989787369545,2
1,1804,부천,126.78308287157131,37.483989787369545,1822,중동,126.76453398304898,37.486681622773176,2
1,1822,중동,126.76453398304898,37.486681622773176,1805,송내,126.75315944764172,37.48764140324914,2
1,1805,송내,126.75315944764172,37.48764140324914,1815,부개,126.740730089704,37.488477043182,2
1,1815,부개,126.740730089704,37.488477043182,1806,부평,126.724331088618,37.4894490429055,3
1,1806,부평,126.724331088618,37.4894490429055,1807,백운,126.707294407871,37.483342495597,2
1,1807,백운,126.707294407871,37.483342495597,1808,동암,126.702889753462,37.4706957867304,3
1,1808,동암,126.702889753462,37.4706957867304,1816,간석,126.69351903231802,37.46470628162983,2
1,1816,간석,126.69351903231802,37.46470628162983,1809,주안,126.67996793218974,37.46505238644672,2
1,1809,주안,126.67996793218974,37.46505238644672,1823,도화,126.668575935273,37.4661175111199,2
1,1823,도화,126.668575935273,37.4661175111199,1810,제물포,126.65749387411809,37.466819329634994,2
1,1810,제물포,126.65749387411809,37.466819329634994,1817,도원,126.64253515710824,37.46877255664296,2
1,1817,도원,126.64253515710824,37.46877255664296,1811,동인천,126.63261605410459,37.4754032677399,2
1,1811,동인천,126.63261605410459,37.4754032677399,1812,인천,126.61682219568799,37.476166712082836,4
2,246,신설동,127.024918166399,37.5748045192005,250,용두,127.038275698211,37.5740621283646,2
2,250,용두,127.038275698211,37.5740621283646,245,신답,127.047080117369,37.5698386846442,2
2,245,신답,127.047080117369,37.5698386846442,244,용답,127.05088954367504,37.562122776762756,2
2,244,용답,127.05088954367504,37.562122776762756,211,성수,127.056066999327,37.5445888153751,3
2,211,성수,127.056066999327,37.5445888153751,210,뚝섬,127.04738727881,37.547241554679,1
2,210,뚝섬,127.04738727881,37.547241554679,209,한양대,127.043639802768,37.5557159860408,2
2,209,한양대,127.043639802768,37.5557159860408,208,왕십리,127.03710337610202,37.561268363317176,2
2,208,왕십리,127.03710337610202,37.561268363317176,207,상왕십리,127.02927241035283,37.56443666620397,2
2,207,상왕십리,127.02927241035283,37.56443666620397,206,신당,127.019477533278,37.5656730531732,1
2,206,신당,127.019477533278,37.5656730531732,205,동대문역사문화공원,127.00900417014896,37.56566440553802,3
2,205,동대문역사문화공원,127.00900417014896,37.56566440553802,204,을지로4가,126.997632059113,37.5666405038268,2
2,204,을지로4가,126.997632059113,37.5666405038268,203,을지로3가,126.99098443539428,37.56629149790628,1
2,203,을지로3가,126.99098443539428,37.56629149790628,202,을지로입구,126.9821953112953,37.566035517712955,2
2,202,을지로입구,126.9821953112953,37.566035517712955,201,시청,126.97559827045151,37.56368183746611,2
2,201,시청,126.97559827045151,37.56368183746611,243,충정로,126.96449207476172,37.55976328822766,2
2,243,충정로,126.96449207476172,37.55976328822766,242,아현,126.95614644008904,37.55740617797663,2
2,242,아현,126.95614644008904,37.55740617797663,241,이대,126.94642954546576,37.556814718869,1
2,241,이대,126.94642954546576,37.556814718869,240,신촌,126.93698075993808,37.555198169366435,2
2,240,신촌,126.93698075993808,37.555198169366435,239,홍대입구,126.923778562273,37.5568707448873,3
2,239,홍대입구,126.923778562273,37.5568707448873,238,합정,126.91445406513526,37.54991315995173,2
2,238,합정,126.91445406513526,37.54991315995173,237,당산,126.902611795523,37.5347843171332,3
2,237,당산,126.902611795523,37.5347843171332,236,영등포구청,126.89667739939,37.5258305311402,2
2,236,영등포구청,126.89667739939,37.5258305311402,235,문래,126.894778820701,37.5179757181801,1
2,235,문래,126.894778820701,37.5179757181801,234,신도림,126.89161095407636,37.508222191535346,3
2,234,신도림,126.89161095407636,37.508222191535346,233,대림,126.894931036051,37.4933099444417,3
2,233,대림,126.894931036051,37.4933099444417,232,구로디지털단지,126.901473080039,37.4852605752505,2
2,232,구로디지털단지,126.901473080039,37.4852605752505,231,신대방,126.91350747615147,37.48765046104574,2
2,231,신대방,126.91350747615147,37.48765046104574,230,신림,126.9297453749671,37.484267135140364,2
2,230,신림,126.9297453749671,37.484267135140364,229,봉천,126.941686527151,37.4824725161034,2
2,229,봉천,126.941686527151,37.4824725161034,228,서울대입구,126.952713197762,37.4812845080678,2
2,228,서울대입구,126.952713197762,37.4812845080678,227,낙성대,126.963523905001,37.4770932409965,2
2,227,낙성대,126.963523905001,37.4770932409965,226,사당,126.98155858357366,37.47656223234824,3
2,226,사당,126.98155858357366,37.47656223234824,225,방배,126.997553345516,37.4814561268152,3
2,225,방배,126.997553345516,37.4814561268152,224,서초,127.007662120039,37.4918499338918,2
2,224,서초,127.007662120039,37.4918499338918,223,교대,127.014383829781,37.4938999991414,2
2,223,교대,127.014383829781,37.4938999991414,222,강남,127.02800140627488,37.49808633653005,2
2,222,강남,127.02800140627488,37.49808633653005,221,역삼,127.03646946847,37.5006744185994,1
2,221,역삼,127.03646946847,37.5006744185994,220,선릉,127.04896282498558,37.504497373023206,3
2,220,선릉,127.04896282498558,37.504497373023206,219,삼성,127.06302321147605,37.508822740225305,2
2,219,삼성,127.06302321147605,37.508822740225305,218,종합운동장,127.073849447402,37.5111446632705,2
2,218,종합운동장,127.073849447402,37.5111446632705,217,잠실새내,127.086314327913,37.5116263587296,2
2,217,잠실새내,127.086314327913,37.5116263587296,216,잠실,127.10023101886318,37.51331105877401,2
2,216,잠실,127.10023101886318,37.51331105877401,215,잠실나루,127.103808749487,37.5207124124456,2
2,215,잠실나루,127.103808749487,37.5207124124456,214,강변,127.094741101863,37.5351180385975,2
2,214,강변,127.094741101863,37.5351180385975,213,구의,127.086180837795,37.5371752725594,2
2,213,구의,127.086180837795,37.5371752725594,212,건대입구,127.06920291650829,37.54040751726388,2
2,212,건대입구,127.06920291650829,37.54040751726388,211,성수,127.056066999327,37.5445888153751,2
2,234,신도림,126.89161095407636,37.508222191535346,247,도림천,126.882649092584,37.5145080414761,2
2,247,도림천,126.882649092584,37.5145080414761,248,양천구청,126.865722369229,37.5123888716808,3
2,248,양천구청,126.865722369229,37.5123888716808,249,신정네거리,126.852889567642,37.5202231231721,3
2,249,신정네거리,126.852889567642,37.5202231231721,200,까치산,126.846948282657,37.5314060103327,3
3,1958,대화,126.747500970967,37.676157377075,1957,주엽,126.761263524195,37.6701494878278,2
3,1957,주엽,126.761263524195,37.6701494878278,1956,정발산,126.773405960872,37.659480619983,3
3,1956,정발산,126.773405960872,37.659480619983,1955,마두,126.77761059652867,37.65224113444557,2
3,1955,마두,126.77761059652867,37.65224113444557,1954,백석,126.788131509803,37.6429623651607,2
3,1954,백석,126.788131509803,37.6429623651607,1953,대곡,126.81093112718072,37.63169736298744,4
3,1953,대곡,126.81093112718072,37.63169736298744,1952,화정,126.832688422366,37.6346440058753,3
3,1952,화정,126.832688422366,37.6346440058753,1951,원당,126.842918441607,37.6531102058516,3
3,1951,원당,126.842918441607,37.6531102058516,1948,원흥,126.87302523491,37.6506921774602,3
3,1948,원흥,126.87302523491,37.6506921774602,1950,삼송,126.89573389994084,37.65326511526386,3
3,1950,삼송,126.89573389994084,37.65326511526386,309,지축,126.913854269202,37.6481486423031,3
3,309,지축,126.913854269202,37.6481486423031,310,구파발,126.918852820009,37.6364357889145,3
3,310,구파발,126.918852820009,37.6364357889145,311,연신내,126.92110296894133,37.61920414913163,3
3,311,연신내,126.92110296894133,37.61920414913163,312,불광,126.930315826401,37.6100477979795,2
3,312,불광,126.930315826401,37.6100477979795,313,녹번,126.935828008217,37.6008067681825,2
3,313,녹번,126.935828008217,37.6008067681825,314,홍제,126.944158007985,37.5887953806088,2
3,314,홍제,126.944158007985,37.5887953806088,315,무악재,126.950230954136,37.5825632263526,2
3,315,무악재,126.950230954136,37.5825632263526,316,독립문,126.95791371132584,37.57446627898665,2
3,316,독립문,126.95791371132584,37.57446627898665,317,경복궁,126.973691352767,37.5758061234865,3
3,317,경복궁,126.973691352767,37.5758061234865,318,안국,126.98542143228659,37.57650192060523,2
3,318,안국,126.98542143228659,37.57650192060523,319,종로3가,126.9918757981544,37.571563287751246,2
3,319,종로3가,126.9918757981544,37.571563287751246,320,을지로3가,126.992615486076,37.5664312655685,1
3,320,을지로3가,126.992615486076,37.5664312655685,321,충무로,126.99414960395544,37.56139658395457,2
3,321,충무로,126.99414960395544,37.56139658395457,322,동대입구,127.00531600900922,37.55905581925076,2
3,322,동대입구,127.00531600900922,37.55905581925076,323,약수,127.010891666957,37.5545053994984,1
3,323,약수,127.010891666957,37.5545053994984,324,금호,127.01582916945283,37.548260922874086,2
3,324,금호,127.01582916945283,37.548260922874086,325,옥수,127.017393782846,37.5415662783673,1
3,325,옥수,127.017393782846,37.5415662783673,326,압구정,127.02850865895756,37.52649127416921,3
3,326,압구정,127.02850865895756,37.52649127416921,327,신사,127.02030856272764,37.51643597531432,2
3,327,신사,127.02030856272764,37.51643597531432,328,잠원,127.011419491429,37.5128899169357,2
3,328,잠원,127.011419491429,37.5128899169357,329,고속터미널,127.00512100872538,37.50454885557265,2
3,329,고속터미널,127.00512100872538,37.50454885557265,330,교대,127.013867969161,37.4927431676548,3
3,330,교대,127.013867969161,37.4927431676548,331,남부터미널,127.01620028391,37.4851996335293,2
3,331,남부터미널,127.01620028391,37.4851996335293,332,양재,127.03416413380752,37.48457681195669,2
3,332,양재,127.03416413380752,37.48457681195669,333,매봉,127.046711448388,37.4869394661317,3
3,333,매봉,127.046711448388,37.4869394661317,334,도곡,127.05549883514037,37.49097398162934,2
3,334,도곡,127.05549883514037,37.49097398162934,335,대치,127.063203409529,37.4944966528582,1
3,335,대치,127.063203409529,37.4944966528582,336,학여울,127.071166599707,37.4968851977644,2
3,336,학여울,127.071166599707,37.4968851977644,337,대청,127.07952812085006,37.49370832148055,2
3,337,대청,127.07952812085006,37.49370832148055,338,일원,127.084129757128,37.4839886684666,2
3,338,일원,127.084129757128,37.4839886684666,339,수서,127.10205874359781,37.487459640349336,2
3,339,수서,127.10205874359781,37.487459640349336,340,가락시장,127.11764173832,37.4922493218664,3
3,340,가락시장,127.11764173832,37.4922493218664,341,경찰병원,127.124482397777,37.4960049150853,1
3,341,경찰병원,127.124482397777,37.4960049150853,342,오금,127.12848280775154,37.50232208779385,1
4,405,진접,127.203247263047,37.7199083469452,406,오남,127.191104897113,37.7051635201214,3
4,406,오남,127.191104897113,37.7051635201214,408,별내별가람,127.116241994779,37.6678462120372,7
4,408,별내별가람,127.116241994779,37.6678462120372,409,불암산,127.07906662027122,37.67021773630595,6
4,409,불암산,127.07906662027122,37.67021773630595,410,상계,127.073421632239,37.660720544722,3
4,410,상계,127.073421632239,37.660720544722,411,노원,127.063449137455,37.6563403513278,2
4,411,노원,127.063449137455,37.6563403513278,412,창동,127.04838841056,37.6533706449195,2
4,412,창동,127.04838841056,37.6533706449195,413,쌍문,127.03465609756,37.6485426057036,2
4,413,쌍문,127.03465609756,37.6485426057036,414,수유,127.02550910860451,37.63788539420793,3
4,414,수유,127.02550910860451,37.63788539420793,415,미아,127.026041090189,37.6266544891889,2
4,415,미아,127.026041090189,37.6266544891889,416,미아사거리,127.03008663628454,37.61327836400571,2
4,416,미아사거리,127.03008663628454,37.61327836400571,417,길음,127.02506019737066,37.603394782316634,3
4,417,길음,127.02506019737066,37.603394782316634,418,성신여대입구,127.0171260607647,37.59296812939267,2
4,418,성신여대입구,127.0171260607647,37.59296812939267,419,한성대입구,127.00601781685579,37.58842461354086,2
4,419,한성대입구,127.00601781685579,37.58842461354086,420,혜화,127.00194500977393,37.58204391787134,2
4,420,혜화,127.00194500977393,37.58204391787134,421,동대문,127.009313828405,37.5709072753658,3
4,421,동대문,127.009313828405,37.5709072753658,422,동대문역사문화공원,127.00791523866731,37.56514370780825,1
4,422,동대문역사문화공원,127.00791523866731,37.56514370780825,423,충무로,126.9952553883253,37.56151106015413,3
4,423,충무로,126.9952553883253,37.56151106015413,424,명동,126.98640235001736,37.56096526943837,1
4,424,명동,126.98640235001736,37.56096526943837,425,회현,126.9784372569283,37.55876114587941,2
4,425,회현,126.9784372569283,37.55876114587941,426,서울역,126.9953119775015,37.5615443992931,2
4,426,서울역,126.9953119775015,37.5615443992931,427,숙대입구,126.972118127373,37.5445952301115,2
4,427,숙대입구,126.972118127373,37.5445952301115,428,삼각지,126.972922951307,37.5344393447708,2
4,428,삼각지,126.972922951307,37.5344393447708,429,신용산,126.967965039183,37.5292591489375,1
4,429,신용산,126.967965039183,37.5292591489375,430,이촌,126.97452008954151,37.522373484615365,3
4,430,이촌,126.97452008954151,37.522373484615365,431,동작,126.9803148383829,37.50297957674478,3
4,431,동작,126.9803148383829,37.50297957674478,432,총신대입구,126.982211871752,37.4867995957995,3
4,432,총신대입구,126.982211871752,37.4867995957995,433,사당,126.98169851997,37.4775912070902,2
4,433,사당,126.98169851997,37.4775912070902,434,남태령,126.989085267707,37.4642499558525,3
4,434,남태령,126.989085267707,37.4642499558525,1450,선바위,127.00222869400723,37.451747988798516,3
4,1450,선바위,127.00222869400723,37.451747988798516,1451,경마공원,127.007838042533,37.4439629881231,2
4,1451,경마공원,127.007838042533,37.4439629881231,1452,대공원,127.006752481821,37.4360557449009,2
4,1452,대공원,127.006752481821,37.4360557449009,1453,과천,126.99661712263098,37.43287530237988,2
4,1453,과천,126.99661712263098,37.43287530237988,1454,정부과천청사,126.989868044926,37.4265047272927,2
4,1454,정부과천청사,126.989868044926,37.4265047272927,1455,인덕원,126.976679855187,37.4014941709597,3
4,1455,인덕원,126.976679855187,37.4014941709597,1456,평촌,126.9638080221341,37.39423950914369,3
4,1456,평촌,126.9638080221341,37.39423950914369,1457,범계,126.950783269518,37.3897837540429,2
4,1457,범계,126.950783269518,37.3897837540429,1458,금정,126.94347315682283,37.37246820714397,3
4,1458,금정,126.94347315682283,37.37246820714397,1751,산본,126.933046329836,37.3580193085257,5
4,1751,산본,126.933046329836,37.3580193085257,1763,수리산,126.92563095069,37.3505579695805,2
4,1763,수리산,126.92563095069,37.3505579695805,1752,대야미,126.916897519557,37.327965125951,3
4,1752,대야미,126.916897519557,37.327965125951,1753,반월,126.90382444207,37.3123817631801,3
4,1753,반월,126.90382444207,37.3123817631801,1754,상록수,126.8666056400078,37.30285235924208,3
4,1754,상록수,126.8666056400078,37.30285235924208,1755,한대앞,126.85402320176591,37.309429480381965,2
4,1755,한대앞,126.85402320176591,37.309429480381965,1756,중앙,126.83883035405907,37.31599451967913,3
4,1756,중앙,126.83883035405907,37.31599451967913,1757,고잔,126.82359875532677,37.3167693077138,2
4,1757,고잔,126.82359875532677,37.3167693077138,1758,초지,126.80647314589804,37.3204403767323,2
4,1758,초지,126.80647314589804,37.3204403767323,1759,안산,126.7892163493839,37.32685867641246,3
4,1759,안산,126.7892163493839,37.32685867641246,1760,신길온천,126.76752183250063,37.33737450574518,3
4,1760,신길온천,126.76752183250063,37.33737450574518,1761,정왕,126.74335018635819,37.351701334544885,3
4,1761,정왕,126.74335018635819,37.351701334544885,1762,오이도,126.73840352940697,37.36170269464333,3
5,2511,방화,126.812819296675,37.5776031994404,2512,개화산,126.806814314979,37.5725371505293,2
5,2512,개화산,126.806814314979,37.5725371505293,2513,김포공항,126.80125680693868,37.56209981580658,2
5,2513,김포공항,126.80125680693868,37.56209981580658,2514,송정,126.812430347154,37.5611612387718,2
5,2514,송정,126.812430347154,37.5611612387718,2515,마곡,126.82469691791624,37.56022863776301,2
5,2515,마곡,126.82469691791624,37.56022863776301,2516,발산,126.83773640693936,37.558677743241596,2
5,2516,발산,126.83773640693936,37.558677743241596,2517,우장산,126.83632627213518,37.54881618721654,2
5,2517,우장산,126.83632627213518,37.54881618721654,2518,화곡,126.840455026335,37.5416507925709,2
5,2518,화곡,126.840455026335,37.5416507925709,2519,까치산,126.846444264065,37.5322306724471,2
5,2519,까치산,126.846444264065,37.5322306724471,2520,신정,126.856097474225,37.5250276134139,3
5,2520,신정,126.856097474225,37.5250276134139,2521,목동,126.86462527157516,37.526135115923466,1
5,2521,목동,126.86462527157516,37.526135115923466,2522,오목교,126.875307312696,37.5245340839144,2
5,2522,오목교,126.875307312696,37.5245340839144,2523,양평,126.886419282885,37.5255796429707,2
5,2523,양평,126.886419282885,37.5255796429707,2524,영등포구청,126.895322094259,37.5242291583027,1
5,2524,영등포구청,126.895322094259,37.5242291583027,2525,영등포시장,126.905179566968,37.522709383885,2
5,2525,영등포시장,126.905179566968,37.522709383885,2526,신길,126.914913947722,37.517663974187,2
5,2526,신길,126.914913947722,37.517663974187,2527,여의도,126.924397990207,37.5217753947299,2
5,2527,여의도,126.924397990207,37.5217753947299,2528,여의나루,126.93298596744,37.5271469489465,2
5,2528,여의나루,126.93298596744,37.5271469489465,2529,마포,126.94586257221307,37.53955402908912,2
5,2529,마포,126.94586257221307,37.53955402908912,2530,공덕,126.951451177648,37.5445416897534,2
5,2530,공덕,126.951451177648,37.5445416897534,2531,애오개,126.956669363197,37.5534131497489,2
5,2531,애오개,126.956669363197,37.5534131497489,2532,충정로,126.96303964820936,37.56042867918723,1
5,2532,충정로,126.96303964820936,37.56042867918723,2533,서대문,126.96663755850754,37.56575193662503,2
5,2533,서대문,126.96663755850754,37.56575193662503,2534,광화문,126.97642427981408,37.57164860977568,2
5,2534,광화문,126.97642427981408,37.57164860977568,2535,종로3가,126.9904176797898,37.57258941181964,2
5,2535,종로3가,126.9904176797898,37.57258941181964,2536,을지로4가,126.9904176797898,37.57258941181964,2
5,2536,을지로4가,126.9904176797898,37.57258941181964,2537,동대문역사문화공원,127.00579179092047,37.56462215427451,2
5,2537,동대문역사문화공원,127.00579179092047,37.56462215427451,2538,청구,127.013943845279,37.5602101936978,2
5,2538,청구,127.013943845279,37.5602101936978,2539,신금호,127.02049316578315,37.55447619249223,2
5,2539,신금호,127.02049316578315,37.55447619249223,2540,행당,127.029511840513,37.5573637818732,2
5,2540,행당,127.029511840513,37.5573637818732,2541,왕십리,127.03733125702163,37.56203954461276,1
5,2541,왕십리,127.03733125702163,37.56203954461276,2542,마장,127.042984855663,37.5661389565959,2
5,2542,마장,127.042984855663,37.5661389565959,2543,답십리,127.05256127651293,37.56697480965114,2
5,2543,답십리,127.05256127651293,37.56697480965114,2544,장한평,127.06370373106944,37.5616038910656,2
5,2544,장한평,127.06370373106944,37.5616038910656,2545,군자,127.0795106156054,37.557151488837924,2
5,2545,군자,127.0795106156054,37.557151488837924,2546,아차산,127.08956495447913,37.55224917071854,2
5,2546,아차산,127.08956495447913,37.55224917071854,2547,광나루,127.103521464507,37.5452991715677,2
5,2547,광나루,127.103521464507,37.5452991715677,2548,천호,127.12392845044,37.5385112120297,3
5,2548,천호,127.12392845044,37.5385112120297,2549,강동,127.132396300314,37.5358819145235,2
5,2549,강동,127.132396300314,37.5358819145235,2550,길동,127.140021295948,37.5378264874159,2
5,2550,길동,127.140021295948,37.5378264874159,2551,굽은다리,127.14288387331297,37.54551759022203,2
5,2551,굽은다리,127.14288387331297,37.54551759022203,2552,명일,127.14404374474,37.5513978958277,2
5,2552,명일,127.14404374474,37.5513978958277,2553,고덕,127.15416500963447,37.55504766830918,2
5,2553,고덕,127.15416500963447,37.55504766830918,2554,상일동,127.165905758209,37.5566778757215,2
5,2554,상일동,127.165905758209,37.5566778757215,2562,강일,127.175680183486,37.5574259795986,2
5,2562,강일,127.175680183486,37.5574259795986,2563,미사,127.192490980441,37.562991348199,3
5,2563,미사,127.192490980441,37.562991348199,2564,하남풍산,127.204006631381,37.5522898049699,3
5,2564,하남풍산,127.204006631381,37.5522898049699,2565,하남시청,127.206298162203,37.5419775122576,2
5,2565,하남시청,127.206298162203,37.5419775122576,2566,하남검단산,127.223219337317,37.5398032640088,3
5,2550,길동,127.140021295948,37.5378264874159,2555,둔촌동,127.13621464981398,37.52765684247226,2
5,2555,둔촌동,127.13621464981398,37.52765684247226,2556,올림픽공원,127.130963675401,37.5163389870117,2
5,2556,올림픽공원,127.130963675401,37.5163389870117,2557,방이,127.126096046986,37.5087506251989,2
5,2557,방이,127.126096046986,37.5087506251989,2558,오금,127.127953219596,37.5021388575469,2
5,2558,오금,127.127953219596,37.5021388575469,2559,개롱,127.13507959838425,37.497968278388235,2
5,2559,개롱,127.13507959838425,37.497968278388235,2560,거여,127.143773841911,37.4933304500736,2
5,2560,거여,127.143773841911,37.4933304500736,2561,마천,127.152859864985,37.4950381629493,1
6,2649,신내,127.104271439503,37.6124910157349,2648,봉화산,127.09136011564394,37.617350836302734,3
6,2648,봉화산,127.09136011564394,37.617350836302734,2647,화랑대,127.08354181123269,37.61984245540276,1
6,2647,화랑대,127.08354181123269,37.61984245540276,2646,태릉입구,127.075405300578,37.618459513199,2
6,2646,태릉입구,127.075405300578,37.618459513199,2645,석계,127.066703301093,37.6151491167469,2
6,2645,석계,127.066703301093,37.6151491167469,2644,돌곶이,127.0564381246322,37.61054501416126,2
6,2644,돌곶이,127.0564381246322,37.61054501416126,2643,상월곡,127.048829192974,37.6065588265169,1
6,2643,상월곡,127.048829192974,37.6065588265169,2642,월곡,127.041460725816,37.6018044172918,2
6,2642,월곡,127.041460725816,37.6018044172918,2641,고려대,127.03630828564728,37.59044191064368,2
6,2641,고려대,127.03630828564728,37.59044191064368,2640,안암,127.029233420248,37.586307417971,2
6,2640,안암,127.029233420248,37.586307417971,2639,보문,127.020003515933,37.585541696968,1
6,2639,보문,127.020003515933,37.585541696968,2638,창신,127.01529688465331,37.57941474393655,2
6,2638,창신,127.01529688465331,37.57941474393655,2637,동묘앞,127.015725557994,37.5721715926337,2
6,2637,동묘앞,127.015725557994,37.5721715926337,2636,신당,127.01617590593352,37.56609251486158,1
6,2636,신당,127.01617590593352,37.56609251486158,2635,청구,127.014165812912,37.5609165488093,2
6,2635,청구,127.014165812912,37.5609165488093,2634,약수,127.010153707232,37.5539252226626,2
6,2634,약수,127.010153707232,37.5539252226626,2633,버티고개,127.006730866101,37.5478275106099,1
6,2633,버티고개,127.006730866101,37.5478275106099,2632,한강진,127.001765135176,37.5397907743775,2
6,2632,한강진,127.001765135176,37.5397907743775,2631,이태원,126.994333861918,37.5345252050511,2
6,2631,이태원,126.994333861918,37.5345252050511,2630,녹사평,126.9865496751,37.5347227952064,2
6,2630,녹사평,126.9865496751,37.5347227952064,2629,삼각지,126.97405509443837,37.53560639488231,2
6,2629,삼각지,126.97405509443837,37.53560639488231,2628,효창공원앞,126.96139810075,37.5393087503306,2
6,2628,효창공원앞,126.96139810075,37.5393087503306,2627,공덕,126.95189540256291,37.543530049331636,2
6,2627,공덕,126.95189540256291,37.543530049331636,2626,대흥,126.942473188734,37.5476479056751,2
6,2626,대흥,126.942473188734,37.5476479056751,2625,광흥창,126.93202965599583,37.54748648317645,2
6,2625,광흥창,126.93202965599583,37.54748648317645,2624,상수,126.92242989321456,37.54776618366393,1
6,2624,상수,126.92242989321456,37.54776618366393,2623,합정,126.91421318621,37.5487840343032,2
6,2623,합정,126.91421318621,37.5487840343032,2622,망원,126.910094329982,37.5560826563712,2
6,2622,망원,126.910094329982,37.5560826563712,2621,마포구청,126.903425598797,37.5634871865932,2
6,2621,마포구청,126.903425598797,37.5634871865932,2620,월드컵경기장,126.899098148061,37.5696355653344,1
6,2620,월드컵경기장,126.899098148061,37.5696355653344,2619,디지털미디어시티,126.90127778415635,37.57601374718818,2
6,2619,디지털미디어시티,126.90127778415635,37.57601374718818,2618,증산,126.909494991105,37.583746353282,2
6,2618,증산,126.909494991105,37.583746353282,2617,새절,126.913580663181,37.5908600479967,2
6,2617,새절,126.913580663181,37.5908600479967,2611,응암,126.9155399209037,37.5984928632876,1
6,2611,응암,126.9155399209037,37.5984928632876,2612,역촌,126.9228437430386,37.60622745935512,2
6,2612,역촌,126.9228437430386,37.60622745935512,2613,불광,126.92939540272262,37.61087796280672,1
6,2613,불광,126.92939540272262,37.61087796280672,2614,독바위,126.933053652461,37.6184141599944,2
6,2614,독바위,126.933053652461,37.6184141599944,2615,연신내,126.92045466718463,37.61851445829909,3
6,2615,연신내,126.92045466718463,37.61851445829909,2616,구산,126.91725947715172,37.61124669148435,2
6,2616,구산,126.91725947715172,37.61124669148435,2611,응암,126.9155399209037,37.5984928632876,2
7,2711,장암,127.052818310578,37.699956566426,2712,도봉산,127.046425596353,37.6896304650032,5
7,2712,도봉산,127.046425596353,37.6896304650032,2713,수락산,127.055350968781,37.6778814656816,3
7,2713,수락산,127.055350968781,37.6778814656816,2714,마들,127.057712619869,37.6652017465321,2
7,2714,마들,127.057712619869,37.6652017465321,2715,노원,127.06055556456411,37.6545110763411,2
7,2715,노원,127.06055556456411,37.6545110763411,2716,중계,127.06411035896,37.6450921230569,2
7,2716,중계,127.06411035896,37.6450921230569,2717,하계,127.067991278758,37.6364765391858,2
7,2717,하계,127.067991278758,37.6364765391858,2718,공릉,127.073033585328,37.6255427648558,2
7,2718,공릉,127.073033585328,37.6255427648558,2719,태릉입구,127.075405300578,37.618459513199,1
7,2719,태릉입구,127.075405300578,37.618459513199,2720,먹골,127.077762187968,37.6106193846197,2
7,2720,먹골,127.077762187968,37.6106193846197,2721,중화,127.079312037122,37.6025526943256,2
7,2721,중화,127.079312037122,37.6025526943256,2722,상봉,127.085754455388,37.5955853328943,2
7,2722,상봉,127.085754455388,37.5955853328943,2723,면목,127.087503803859,37.5887148877725,2
7,2723,면목,127.087503803859,37.5887148877725,2724,사가정,127.088504554212,37.5809403751459,2
7,2724,사가정,127.088504554212,37.5809403751459,2725,용마산,127.08671982507775,37.57366797492471,1
7,2725,용마산,127.08671982507775,37.57366797492471,2726,중곡,127.08431236632154,37.56592206115955,2
7,2726,중곡,127.08431236632154,37.56592206115955,2727,군자,127.07966825326926,37.55745501860533,2
7,2727,군자,127.07966825326926,37.55745501860533,2728,어린이대공원,127.07465525507352,37.54796087622509,2
7,2728,어린이대공원,127.07465525507352,37.54796087622509,2729,건대입구,127.071104284458,37.5408686005702,2
7,2729,건대입구,127.071104284458,37.5408686005702,2730,자양,127.06679509976304,37.53155927720518,2
7,2730,자양,127.06679509976304,37.53155927720518,2731,청담,127.053717937903,37.519455579961,3
7,2731,청담,127.053717937903,37.519455579961,2732,강남구청,127.0413109462156,37.51721617197854,2
7,2732,강남구청,127.0413109462156,37.51721617197854,2733,학동,127.03190190063152,37.51434578734927,1
7,2733,학동,127.03190190063152,37.51434578734927,2734,논현,127.02165424259898,37.51120000205266,2
7,2734,논현,127.02165424259898,37.51120000205266,2735,반포,127.011586161943,37.5081614290284,2
7,2735,반포,127.011586161943,37.5081614290284,2736,고속터미널,127.005007834609,37.5033865633062,2
7,2736,고속터미널,127.005007834609,37.5033865633062,2737,내방,126.993600180589,37.4876585212369,3
7,2737,내방,126.993600180589,37.4876585212369,2738,이수,126.98167629035197,37.48528852311765,2
7,2738,이수,126.98167629035197,37.48528852311765,2739,남성,126.97091020065321,37.484793511299706,2
7,2739,남성,126.97091020065321,37.484793511299706,2740,숭실대입구,126.953621963422,37.4963172817574,3
7,2740,숭실대입구,126.953621963422,37.4963172817574,2741,상도,126.947917975554,37.5028706251049,1
7,2741,상도,126.947917975554,37.5028706251049,2742,장승배기,126.939072381356,37.5048990621814,2
7,2742,장승배기,126.939072381356,37.5048990621814,2743,신대방삼거리,126.92821094566965,37.499757228908564,3
7,2743,신대방삼거리,126.92821094566965,37.499757228908564,2744,보라매,126.92061230710924,37.49992085496506,1
7,2744,보라매,126.92061230710924,37.49992085496506,2745,신풍,126.90975434386,37.5001229935524,2
7,2745,신풍,126.90975434386,37.5001229935524,2746,대림,126.896722858042,37.4928430008915,3
7,2746,대림,126.896722858042,37.4928430008915,2747,남구로,126.88741505160269,37.48625714438263,2
7,2747,남구로,126.88741505160269,37.48625714438263,2748,가산디지털단지,126.882661758356,37.4803959660982,2
7,2748,가산디지털단지,126.882661758356,37.4803959660982,2749,철산,126.868211027014,37.4761928424537,2
7,2749,철산,126.868211027014,37.4761928424537,2750,광명사거리,126.854873735158,37.4792983082726,2
7,2750,광명사거리,126.854873735158,37.4792983082726,2751,천왕,126.83860534807998,37.48685558277736,3
7,2751,천왕,126.83860534807998,37.48685558277736,2752,온수,126.823847928009,37.4919675365056,3
7,2752,온수,126.823847928009,37.4919675365056,3753,까치울,126.81133962285816,37.506227351130065,3
7,3753,까치울,126.81133962285816,37.506227351130065,3754,부천종합운동장,126.7972349705182,37.50542641602307,2
7,3754,부천종합운동장,126.7972349705182,37.50542641602307,3755,춘의,126.78699775795889,37.50369919594287,1
7,3755,춘의,126.78699775795889,37.50369919594287,3756,신중동,126.77689833819102,37.50295164139924,2
7,3756,신중동,126.77689833819102,37.50295164139924,3757,부천시청,126.76401384887843,37.50465563053715,2
7,3757,부천시청,126.76401384887843,37.50465563053715,3758,상동,126.753192450274,37.50578860265,2
7,3758,상동,126.753192450274,37.50578860265,3759,삼산체육관,126.7414221320359,37.50650314706075,2
7,3759,삼산체육관,126.7414221320359,37.50650314706075,3760,굴포천,126.7313475774674,37.50704649360379,1
7,3760,굴포천,126.7313475774674,37.50704649360379,3761,부평구청,126.72143971800028,37.50743350044892,2
7,3761,부평구청,126.72143971800028,37.50743350044892,3762,산곡,126.703543714352,37.5086071956774,3
7,3762,산곡,126.703543714352,37.5086071956774,3763,석남,126.67630003104057,37.507474300017016,3
8,2805,별내,127.12728258400915,37.642486592412226,2806,다산,127.14979716054,37.6242782781657,3
8,2806,다산,127.14979716054,37.6242782781657,2807,동구릉,127.13800203872,37.6110490478693,3
8,2807,동구릉,127.13800203872,37.6110490478693,2808,구리,127.140724609447,37.6025594165258,2
8,2808,구리,127.140724609447,37.6025594165258,2809,장자호수공원,127.137933784452,37.5875774304238,3
8,2809,장자호수공원,127.137933784452,37.5875774304238,2810,암사역사공원,127.137563111896,37.5571837185175,4
8,2810,암사역사공원,127.137563111896,37.5571837185175,2811,암사,127.12754072968517,37.55015818096496,3
8,2811,암사,127.12754072968517,37.55015818096496,2812,천호,127.12320335921426,37.537936231906734,3
8,2812,천호,127.12320335921426,37.537936231906734,2813,강동구청,127.12044373032,37.5302111983522,1
8,2813,강동구청,127.12044373032,37.5302111983522,2814,몽촌토성,127.11286534895457,37.5178055794687,3
8,2814,몽촌토성,127.11286534895457,37.5178055794687,2815,잠실,127.103270523629,37.5143121584933,2
8,2815,잠실,127.103270523629,37.5143121584933,2816,석촌,127.107004062699,37.5054141216925,2
8,2816,석촌,127.107004062699,37.5054141216925,2817,송파,127.112193506363,37.4997149535067,2
8,2817,송파,127.112193506363,37.4997149535067,2818,가락시장,127.118262745146,37.4930992522183,2
8,2818,가락시장,127.118262745146,37.4930992522183,2819,문정,127.122484886901,37.4860310539381,1
8,2819,문정,127.122484886901,37.4860310539381,2820,장지,127.12617656737,37.4786316933099,2
8,2820,장지,127.12617656737,37.4786316933099,2821,복정,127.12672175187316,37.47074367341675,2
8,2821,복정,127.12672175187316,37.47074367341675,2828,남위례,127.139350997519,37.4627230752808,2
8,2828,남위례,127.139350997519,37.4627230752808,2822,산성,127.14994186233623,37.456881468719025,2
8,2822,산성,127.14994186233623,37.456881468719025,2823,남한산성입구,127.159882577768,37.4516686968693,3
8,2823,남한산성입구,127.159882577768,37.4516686968693,2824,단대오거리,127.156769790167,37.44502248894697,2
8,2824,단대오거리,127.156769790167,37.44502248894697,2825,신흥,127.147538132656,37.4409230460675,1
8,2825,신흥,127.147538132656,37.4409230460675,2826,수진,127.140534508419,37.4373779787206,2
8,2826,수진,127.140534508419,37.4373779787206,2827,모란,127.129970457799,37.4340382896277,1
9,4101,개화,126.796891362602,37.5783445148797,4102,김포공항,126.80191361988808,37.56196757232288,5
9,4102,김포공항,126.80191361988808,37.56196757232288,4103,공항시장,126.81060964296609,37.56368922800772,1
9,4103,공항시장,126.81060964296609,37.56368922800772,4104,신방화,126.81723757150974,37.56748745669626,2
9,4104,신방화,126.81723757150974,37.56748745669626,4105,마곡나루,126.827420928424,37.5667126094974,2
9,4105,마곡나루,126.827420928424,37.5667126094974,4106,양천향교,126.841978835328,37.5680808809647,3
9,4106,양천향교,126.841978835328,37.5680808809647,4107,가양,126.85442142615852,37.56143311719883,4
9,4107,가양,126.85442142615852,37.56143311719883,4108,증미,126.86063675500975,37.558133059903305,2
9,4108,증미,126.86063675500975,37.558133059903305,4109,등촌,126.86557100595411,37.550728980328884,2
9,4109,등촌,126.86557100595411,37.550728980328884,4110,염창,126.874871603971,37.546982941543,2
9,4110,염창,126.874871603971,37.546982941543,4111,신목동,126.883095790252,37.5442883741577,2
9,4111,신목동,126.883095790252,37.5442883741577,4112,선유도,126.89333386450167,37.53815865606546,2
9,4112,선유도,126.89333386450167,37.53815865606546,4113,당산,126.902165052778,37.5337892432802,2
9,4113,당산,126.902165052778,37.5337892432802,4114,국회의사당,126.91783895106,37.5281465047706,2
9,4114,국회의사당,126.91783895106,37.5281465047706,4115,여의도,126.92466104293,37.5211700890445,2
9,4115,여의도,126.92466104293,37.5211700890445,4116,샛강,126.9283750591322,37.51737287009036,2
9,4116,샛강,126.9283750591322,37.51737287009036,4117,노량진,126.940893179777,37.5135856714992,3
9,4117,노량진,126.940893179777,37.5135856714992,4118,노들,126.953096069577,37.5126721234205,2
9,4118,노들,126.953096069577,37.5126721234205,4119,흑석,126.963463063008,37.5091654719404,2
9,4119,흑석,126.963463063008,37.5091654719404,4120,동작,126.97854611382496,37.502744106282044,4
9,4120,동작,126.97854611382496,37.502744106282044,4121,구반포,126.987464905696,37.5014398319603,2
9,4121,구반포,126.987464905696,37.5014398319603,4122,신반포,126.996082392175,37.5035091412544,2
9,4122,신반포,126.996082392175,37.5035091412544,4123,고속터미널,127.004211793489,37.5059814899483,2
9,4123,고속터미널,127.004211793489,37.5059814899483,4124,사평,127.015272484531,37.5042326273953,2
9,4124,사평,127.015272484531,37.5042326273953,4125,신논현,127.025492036104,37.504811111562,2
9,4125,신논현,127.025492036104,37.504811111562,4126,언주,127.033970921595,37.5073353959717,2
9,4126,언주,127.033970921595,37.5073353959717,4127,선정릉,127.0440148858615,37.51032431709664,2
9,4127,선정릉,127.0440148858615,37.51032431709664,4128,삼성중앙,127.053043676912,37.5129614511319,2
9,4128,삼성중앙,127.053043676912,37.5129614511319,4129,봉은사,127.060233935114,37.5142554489848,2
9,4129,봉은사,127.060233935114,37.5142554489848,4130,종합운동장,127.076324485585,37.5114097871778,2
9,4130,종합운동장,127.076324485585,37.5114097871778,4131,삼전,127.08736363126373,37.504549097056476,3
9,4131,삼전,127.08736363126373,37.504549097056476,4132,석촌고분,127.0965081858022,37.50246245994369,2
9,4132,석촌고분,127.0965081858022,37.50246245994369,4133,석촌,127.10676479806769,37.504972845773686,3
9,4133,석촌,127.10676479806769,37.504972845773686,4134,송파나루,127.11266171422027,37.51101671275264,4
9,4134,송파나루,127.11266171422027,37.51101671275264,4135,한성백제,127.116449169971,37.5165379932802,2
9,4135,한성백제,127.116449169971,37.5165379932802,4136,올림픽공원,127.130252931248,37.5161163241813,3
9,4136,올림픽공원,127.130252931248,37.5161163241813,4137,둔촌오륜,127.13865206962898,37.51940803726135,2
9,4137,둔촌오륜,127.13865206962898,37.51940803726135,4138,중앙보훈병원,127.14841167813621,37.52840258997037,2
GTX-A,9000,운정중앙,126.72814460393,37.716126583531,9001,킨텍스,126.748256521974,37.665242745403,4
GTX-A,9001,킨텍스,126.748256521974,37.665242745403,9002,대곡,126.810475040471,37.6324057061898,5
GTX-A,9002,대곡,126.810475040471,37.6324057061898,9004,연신내,126.920637714408,37.6189362438035,5
GTX-A,9004,연신내,126.920637714408,37.6189362438035,9005,서울,126.972636930856,37.5554875216741,5
GTX-A,8,수서,127.102558521485,37.4866365875118,9,성남,127.120547819505,37.3943277655731,6
GTX-A,9,성남,127.120547819505,37.3943277655731,10,구성,127.103860952138,37.2991066202884,7
GTX-A,10,구성,127.103860952138,37.2991066202884,11,동탄,127.09549558432,37.2009611445174,7
경강선,1501,판교,127.111982699564,37.394775885643,1512,성남,127.119560339499,37.3947450401644,6
경강선,1512,성남,127.119560339499,37.3947450401644,1502,이매,127.127318661399,37.3947135146921,2
경강선,1502,이매,127.127318661399,37.3947135146921,1503,삼동,127.20338391386589,37.40868738382225,7
경강선,1503,삼동,127.20338391386589,37.40868738382225,1504,경기광주,127.253282668137,37.3989438131636,5
경강선,1504,경기광주,127.253282668137,37.3989438131636,1505,초월,127.299905223152,37.3733791295012,4
경강선,1505,초월,127.299905223152,37.3733791295012,1506,곤지암,127.346251343712,37.3505395429634,5
경강선,1506,곤지암,127.346251343712,37.3505395429634,1507,신둔도예촌,127.40524300441095,37.3156131233126,5
경강선,1507,신둔도예촌,127.40524300441095,37.3156131233126,1508,이천,127.44216788016918,37.264225761758865,6
경강선,1508,이천,127.44216788016918,37.264225761758865,1509,부발,127.490321502069,37.2603923465465,4
경강선,1509,부발,127.490321502069,37.2603923465465,1510,세종대왕릉,127.57065963840586,37.2936326216504,7
경강선,1510,세종대왕릉,127.57065963840586,37.2936326216504,1511,여주,127.628529053998,37.2828596478666,4
경의중앙선,1285,임진강,126.747078454706,37.8882750558283,1286,운천,126.769908998666,37.8798512036962,4
경의중앙선,1286,운천,126.769908998666,37.8798512036962,1284,문산,126.787395378931,37.854626895054,6
경의중앙선,1284,문산,126.787395378931,37.854626895054,1283,파주,126.79269130281,37.8153655831005,5
경의중앙선,1283,파주,126.79269130281,37.8153655831005,1282,월롱,126.792585875504,37.7962146380874,3
경의중앙선,1282,월롱,126.792585875504,37.7962146380874,1280,금촌,126.774633255205,37.7662265030421,4
경의중앙선,1280,금촌,126.774633255205,37.7662265030421,1279,금릉,126.765410119425,37.7513389843704,2
경의중앙선,1279,금릉,126.765410119425,37.7513389843704,1278,운정,126.76716330229101,37.72560181256856,4
경의중앙선,1278,운정,126.76716330229101,37.72560181256856,1277,야당,126.761453983315,37.712611015679,2
경의중앙선,1277,야당,126.761453983315,37.712611015679,1276,탄현,126.761078262576,37.6939889446111,3
경의중앙선,1276,탄현,126.761078262576,37.6939889446111,1275,일산,126.7695084298458,37.68222907297604,4
경의중앙선,1275,일산,126.7695084298458,37.68222907297604,1274,풍산,126.78608384011483,37.672668497783,3
경의중앙선,1274,풍산,126.78608384011483,37.672668497783,1273,백마,126.7943339818477,37.65853599537713,3
경의중앙선,1273,백마,126.7943339818477,37.65853599537713,1272,곡산,126.80160321314327,37.64607886227099,2
경의중앙선,1272,곡산,126.80160321314327,37.64607886227099,300,대곡,126.8100094467358,37.631949960160085,3
경의중앙선,300,대곡,126.8100094467358,37.631949960160085,1271,능곡,126.82063426387445,37.61898698884321,4
경의중앙선,1270,행신,126.83428827682994,37.612121606726944,1271,능곡,126.82063426387445,37.61898698884321,4
경의중앙선,1269,강매,126.84449823065067,37.6122904718741,1270,행신,126.83428827682994,37.612121606726944,3
경의중앙선,1268,한국항공대,126.868385723589,37.6033132442999,1269,강매,126.84449823065067,37.6122904718741,3
경의중앙선,1267,수색,126.895659474538,37.5808625683358,1266,디지털미디어시티,126.90069067398757,37.57740168656261,2
경의중앙선,1266,디지털미디어시티,126.90069067398757,37.57740168656261,1265,가좌,126.914815128053,37.5687433529646,3
경의중앙선,1265,가좌,126.914815128053,37.5687433529646,1264,홍대입구,126.927118938976,37.5574494922411,2
경의중앙선,1264,홍대입구,126.927118938976,37.5574494922411,1263,서강대,126.935507621173,37.5521384864879,2
경의중앙선,1263,서강대,126.935507621173,37.5521384864879,1262,공덕,126.95271984059,37.5424735099283,3
경의중앙선,1262,공덕,126.95271984059,37.5424735099283,1261,효창공원앞,126.96282412672662,37.53860552677497,3
경의중앙선,1261,효창공원앞,126.96282412672662,37.53860552677497,100C,용산,126.96475753303035,37.52960692295435,3
경의중앙선,100C,용산,126.96475753303035,37.52960692295435,1008,이촌,126.97354382085399,37.52241291408466,3
경의중앙선,1008,이촌,126.97354382085399,37.52241291408466,1009,서빙고,126.98841094338457,37.519568139395346,3
경의중앙선,1009,서빙고,126.98841094338457,37.519568139395346,1010,한남,127.009209110584,37.5294289189437,3
경의중앙선,1010,한남,127.009209110584,37.5294289189437,1011,옥수,127.01874455821252,37.540511901869166,2
경의중앙선,1011,옥수,127.01874455821252,37.540511901869166,1012,응봉,127.034483653629,37.5499526279456,3
경의중앙선,1012,응봉,127.034483653629,37.5499526279456,1013,왕십리,127.0383329389645,37.56205814456861,2
경의중앙선,1013,왕십리,127.0383329389645,37.56205814456861,1014,청량리,127.04786558187519,37.580279093795085,5
경의중앙선,1014,청량리,127.04786558187519,37.580279093795085,101C,회기,127.05782624137,37.5895296349726,3
경의중앙선,101C,회기,127.05782624137,37.5895296349726,1201,중랑,127.075680398461,37.5948425975025,3
경의중앙선,1201,중랑,127.075680398461,37.5948425975025,1202,상봉,127.08515107127755,37.59671381067542,2
경의중앙선,1202,상봉,127.08515107127755,37.59671381067542,1203,망우,127.092367383432,37.5992960295399,2
경의중앙선,1203,망우,127.092367383432,37.5992960295399,1204,양원,127.107946139148,37.6066060557557,2
경의중앙선,1204,양원,127.107946139148,37.6066060557557,1205,구리,127.14335098072823,37.603268938528196,3
경의중앙선,1205,구리,127.14335098072823,37.603268938528196,1206,도농,127.161178663222,37.6087726045416,3
경의중앙선,1206,도농,127.161178663222,37.6087726045416,1207,양정,127.19466908658632,37.604027962835566,4
경의중앙선,1207,양정,127.19466908658632,37.604027962835566,1208,덕소,127.208842710609,37.5868903292078,3
경의중앙선,1208,덕소,127.208842710609,37.5868903292078,1209,도심,127.222683857886,37.579639075911,2
경의중앙선,1209,도심,127.222683857886,37.579639075911,1210,팔당,127.243966151989,37.5473594340956,4
경의중앙선,1210,팔당,127.243966151989,37.5473594340956,1211,운길산,127.310231608596,37.5546425431665,5
경의중앙선,1211,운길산,127.310231608596,37.5546425431665,1212,양수,127.329138380916,37.5459634283124,2
경의중앙선,1212,양수,127.329138380916,37.5459634283124,1213,신원,127.373091698635,37.5255855578889,4
경의중앙선,1213,신원,127.373091698635,37.5255855578889,1214,국수,127.399309828929,37.5161871164552,3
경의중앙선,1214,국수,127.399309828929,37.5161871164552,1215,아신,127.443211499187,37.5139186008078,4
경의중앙선,1215,아신,127.443211499187,37.5139186008078,1216,오빈,127.473661407181,37.5061671737276,4
경의중앙선,1216,오빈,127.473661407181,37.5061671737276,1217,양평,127.492247611418,37.4926843397043,4
경의중앙선,1217,양평,127.492247611418,37.4926843397043,1218,원덕,127.546558679899,37.468781735546,6
경의중앙선,1218,원덕,127.546558679899,37.468781735546,1219,용문,127.593795306663,37.4818020661568,5
경의중앙선,1219,용문,127.593795306663,37.4818020661568,1220,지평,127.62890592244803,37.476907283345135,4
경의중앙선,1265,가좌,126.914815128053,37.5687433529646,1252,신촌,126.94208931819857,37.55967513765615,3
경의중앙선,1252,신촌,126.94208931819857,37.55967513765615,1251,서울역,126.9713179064219,37.55693330961779,6
경춘선,1306,청량리,127.0486360630067,37.581273475892466,1307,회기,127.058537601316,37.5899221169641,3
경춘선,1307,회기,127.058537601316,37.5899221169641,1308,중랑,127.076790328944,37.5950833462926,3
경춘선,1308,중랑,127.076790328944,37.5950833462926,1309,상봉,127.085085690038,37.5969733432502,2
경춘선,1309,상봉,127.085085690038,37.5969733432502,1310,망우,127.091738656282,37.600017312378,2
경춘선,1310,망우,127.091738656282,37.600017312378,1311,신내,127.10322521629693,37.61270546979327,3
경춘선,1311,신내,127.10322521629693,37.61270546979327,1312,갈매,127.114760741021,37.6340689252244,4
경춘선,1312,갈매,127.114760741021,37.6340689252244,1313,별내,127.1269691476328,37.642067071704496,3
경춘선,1313,별내,127.1269691476328,37.642067071704496,1314,퇴계원,127.14353713662,37.6482657629059,6
경춘선,1314,퇴계원,127.14353713662,37.6482657629059,1315,사릉,127.17692620365439,37.65112427884554,3
경춘선,1315,사릉,127.17692620365439,37.65112427884554,1316,금곡,127.207533674718,37.6373551430559,4
경춘선,1316,금곡,127.207533674718,37.6373551430559,1317,평내호평,127.244438968688,37.6532138128125,4
경춘선,1317,평내호평,127.244438968688,37.6532138128125,1318,천마산,127.285062700362,37.6592276778117,4
경춘선,1318,천마산,127.285062700362,37.6592276778117,1319,마석,127.311686554885,37.652792215501,2
경춘선,1319,마석,127.311686554885,37.652792215501,1320,대성리,127.379706254541,37.6839900741502,4
경춘선,1320,대성리,127.379706254541,37.6839900741502,1321,청평,127.426622860785,37.7355163992466,3
경춘선,1321,청평,127.426622860785,37.7355163992466,1322,상천,127.454515681516,37.7701784041516,4
경춘선,1322,상천,127.454515681516,37.7701784041516,1323,가평,127.51073942455,37.8145200514507,3
경춘선,1323,가평,127.51073942455,37.8145200514507,1324,굴봉산,127.557769861431,37.8320661917515,5
경춘선,1324,굴봉산,127.557769861431,37.8320661917515,1325,백양리,127.589324987859,37.8307917497493,3
경춘선,1325,백양리,127.589324987859,37.8307917497493,1326,강촌,127.634151572422,37.805721704842,5
경춘선,1326,강촌,127.634151572422,37.805721704842,1327,김유정,127.714323967766,37.8184490071056,6
경춘선,1327,김유정,127.714323967766,37.8184490071056,1328,남춘천,127.723850659304,37.8640466747977,6
경춘선,1328,남춘천,127.723850659304,37.8640466747977,1329,춘천,127.716698593345,37.884512737384,3
경춘선,1305,광운대,127.061985215335,37.623916497664,1309,상봉,127.085085690038,37.5969733432502,8
공항철도,4215,인천공항2터미널,126.433640888212,37.4688002145258,4213,인천공항1터미널,126.45258454579164,37.44752854508576,6
공항철도,4213,인천공항1터미널,126.45258454579164,37.44752854508576,4212,공항화물청사,126.47751440637,37.4590625046021,4
공항철도,4212,공항화물청사,126.47751440637,37.4590625046021,4211,운서,126.493729942049,37.4928088834418,4
공항철도,4211,운서,126.493729942049,37.4928088834418,4217,영종,126.524975940011,37.5120289919535,4
공항철도,4217,영종,126.524975940011,37.5120289919535,4210,청라국제도시,126.62465841357525,37.55646453155236,9
공항철도,4210,청라국제도시,126.62465841357525,37.55646453155236,4209,검암,126.67364220875055,37.56925281871912,5
공항철도,4209,검암,126.67364220875055,37.56925281871912,4208,계양,126.73790446943397,37.570912228854276,6
공항철도,4208,계양,126.73790446943397,37.570912228854276,4207,김포공항,126.8024731079849,37.561829756420224,6
공항철도,4207,김포공항,126.8024731079849,37.561829756420224,4206,마곡나루,126.82749586320818,37.56563152507763,3
공항철도,4206,마곡나루,126.82749586320818,37.56563152507763,4204,디지털미디어시티,126.89788185706144,37.57752092438604,8
공항철도,4204,디지털미디어시티,126.89788185706144,37.57752092438604,4203,홍대입구,126.927010430346,37.5573052656667,4
공항철도,4203,홍대입구,126.927010430346,37.5573052656667,4202,공덕,126.954064604145,37.5416631410402,3
공항철도,4202,공덕,126.954064604145,37.5416631410402,4201,서울역,126.96974961781686,37.55332892758497,4
김포골드,4920,양촌,126.61462594837248,37.64178438994002,4921,구래,126.62857604330732,37.64539340715656,3
김포골드,4921,구래,126.62857604330732,37.64539340715656,4922,마산,126.644004368759,37.6406117204577,3
김포골드,4922,마산,126.644004368759,37.6406117204577,4923,장기,126.66907862282,37.6440651946922,4
김포골드,4923,장기,126.66907862282,37.6440651946922,4924,운양,126.683844450975,37.6537750040601,2
김포골드,4924,운양,126.683844450975,37.6537750040601,4925,걸포북변,126.70577572197524,37.631638772756794,4
김포골드,4925,걸포북변,126.70577572197524,37.631638772756794,4926,사우,126.71976741873046,37.620321335136204,3
김포골드,4926,사우,126.71976741873046,37.620321335136204,4927,풍무,126.7324492375288,37.61242840262763,2
김포골드,4927,풍무,126.7324492375288,37.61242840262763,4928,고촌,126.770325947061,37.601213413053,5
김포골드,4928,고촌,126.770325947061,37.601213413053,4929,김포공항,126.80199188908921,37.56232990369519,7
서해선,108C,일산,126.77055391257012,37.68177882144443,107C,풍산,126.78651327978358,37.67193317670881,2
서해선,107C,풍산,126.78651327978358,37.67193317670881,106C,백마,126.7947655346786,37.657797042058306,3
서해선,106C,백마,126.7947655346786,37.657797042058306,105C,곡산,126.8020266587125,37.64535157979578,2
서해선,105C,곡산,126.8020266587125,37.64535157979578,103C,대곡,126.809720795002,37.6318575945755,4
서해선,103C,대곡,126.809720795002,37.6318575945755,104C,능곡,126.82063426387445,37.61898698884321,3
서해선,104C,능곡,126.82063426387445,37.61898698884321,1980,김포공항,126.804151698874,37.5617956120178,7
서해선,1980,김포공항,126.804151698874,37.5617956120178,1981,원종,126.804845090802,37.5241890956788,5
서해선,1981,원종,126.804845090802,37.5241890956788,1982,부천종합운동장,126.79760170408,37.5061541549989,3
서해선,1982,부천종합운동장,126.79760170408,37.5061541549989,4804,소사,126.79506057713336,37.482905634947286,4
서해선,4804,소사,126.79506057713336,37.482905634947286,4805,소새울,126.79728159163491,37.46851045193921,3
서해선,4805,소새울,126.79728159163491,37.46851045193921,4806,시흥대야,126.792993796201,37.4500998726813,3
서해선,4806,시흥대야,126.792993796201,37.4500998726813,4807,신천,126.78678508124932,37.43924604520613,3
서해선,4807,신천,126.78678508124932,37.43924604520613,4808,신현,126.787838368873,37.40956486776796,4
서해선,4808,신현,126.787838368873,37.40956486776796,4809,시흥시청,126.80594809695735,37.38156161940996,5
서해선,4809,시흥시청,126.80594809695735,37.38156161940996,4810,시흥능곡,126.808721340419,37.3699465347315,2
서해선,4810,시흥능곡,126.808721340419,37.3699465347315,4811,달미,126.809416088572,37.3487879549025,4
서해선,4811,달미,126.809416088572,37.3487879549025,4812,선부,126.809989544577,37.3344084544244,3
서해선,4812,선부,126.809989544577,37.3344084544244,4813,초지,126.807842296925,37.3197434069867,3
서해선,4813,초지,126.807842296925,37.3197434069867,4814,시우,126.79574223454856,37.313163621585524,3
서해선,4814,시우,126.79574223454856,37.313163621585524,4815,원시,126.786793532374,37.3026237626179,2
신림선,4401,샛강,126.929463427672,37.5171662943088,4402,대방,126.925415962213,37.5128137623052,1
신림선,4402,대방,126.925415962213,37.5128137623052,4403,서울지방병무청,126.922713971785,37.5060553927614,2
신림선,4403,서울지방병무청,126.922713971785,37.5060553927614,4404,보라매,126.920436608423,37.5003072682843,3
신림선,4404,보라매,126.920436608423,37.5003072682843,4405,보라매공원,126.918140532784,37.4954456720422,2
신림선,4405,보라매공원,126.918140532784,37.4954456720422,4406,보라매병원,126.923549547206,37.4929643194464,2
신림선,4406,보라매병원,126.923549547206,37.4929643194464,4407,당곡,126.927560844494,37.490223280126,1
신림선,4407,당곡,126.927560844494,37.490223280126,4408,신림,126.929629471493,37.4848815538296,2
신림선,4408,신림,126.929629471493,37.4848815538296,4409,서원,126.93310993651,37.4782386357719,2
신림선,4409,서원,126.93310993651,37.4782386357719,4410,서울대벤처타운,126.933959958388,37.4720023242775,2
신림선,4410,서울대벤처타운,126.933959958388,37.4720023242775,4411,관악산,126.94509952208,37.4690860478461,2
신분당선,4304,신사,127.019551734927,37.5160820085929,4305,논현,127.021678898276,37.5104125196351,1
신분당선,4305,논현,127.021678898276,37.5104125196351,4306,신논현,127.024926154562,37.5036164990854,2
신분당선,4306,신논현,127.024926154562,37.5036164990854,4307,강남,127.028185245594,37.4967771303817,2
신분당선,4307,강남,127.028185245594,37.4967771303817,4308,양재,127.035154074503,37.4834655780476,2
신분당선,4308,양재,127.035154074503,37.4834655780476,4309,양재시민의숲,127.038471341381,37.4701332061395,2
신분당선,4309,양재시민의숲,127.038471341381,37.4701332061395,4310,청계산입구,127.054720327179,37.4483547387397,3
신분당선,4310,청계산입구,127.054720327179,37.4483547387397,4311,판교,127.11119782955879,37.39477752734142,7
신분당선,4311,판교,127.11119782955879,37.39477752734142,4312,정자,127.108519062566,37.3673267196137,3
신분당선,4312,정자,127.108519062566,37.3673267196137,4313,미금,127.108519062566,37.3673267196137,3
신분당선,4313,미금,127.108519062566,37.3673267196137,4314,동천,127.102870440698,37.3378429142383,3
신분당선,4314,동천,127.102870440698,37.3378429142383,4315,수지구청,127.094658560596,37.322492584304,2
신분당선,4315,수지구청,127.094658560596,37.322492584304,4316,성복,127.08038367116,37.3135324511783,3
신분당선,4316,성복,127.08038367116,37.3135324511783,4317,상현,127.069363534097,37.2978289663421,3
신분당선,4317,상현,127.069363534097,37.2978289663421,4318,광교중앙,127.051726324729,37.2883843017536,3
신분당선,4318,광교중앙,127.051726324729,37.2883843017536,4319,광교,127.044268853097,37.3021119263654,4
에버라인,4501,기흥,127.11704645705142,37.27545287699772,4502,강남대,127.12606689205987,37.27017072715994,1
에버라인,4502,강남대,127.12606689205987,37.27017072715994,4503,지석,127.13663256032949,37.269737317702365,2
에버라인,4503,지석,127.13663256032949,37.269737317702365,4504,어정,127.14374986977646,37.27495131826632,1
에버라인,4504,어정,127.14374986977646,37.27495131826632,4505,동백,127.15269056435368,37.269101384338924,2
에버라인,4505,동백,127.15269056435368,37.269101384338924,4506,초당,127.15946923688787,37.26080647373655,4
에버라인,4506,초당,127.15946923688787,37.26080647373655,4508,삼가,127.16817999042203,37.24205993395667,2
에버라인,4508,삼가,127.16817999042203,37.24205993395667,4509,시청.용인대,127.17888509175044,37.23944203003437,2
에버라인,4509,시청.용인대,127.17888509175044,37.23944203003437,4510,명지대,127.19029130857074,37.23807628801618,2
에버라인,4510,명지대,127.19029130857074,37.23807628801618,4511,김량장,127.19861087939051,37.23732377067836,1
에버라인,4511,김량장,127.19861087939051,37.23732377067836,4512,용인중앙시장,127.20905151782907,37.23791130233472,3
에버라인,4512,용인중앙시장,127.20905151782907,37.23791130233472,4513,고진,127.21418360142515,37.244638336050315,1
에버라인,4513,고진,127.21418360142515,37.244638336050315,4514,보평,127.21363872279483,37.26721221736258,2
에버라인,4514,보평,127.21363872279483,37.26721221736258,4515,둔전,127.21363872279483,37.26721221736258,2
에버라인,4515,둔전,127.21363872279483,37.26721221736258,4517,전대.에버랜드,127.21950896826833,37.28541326931372,3
우이신설선,4701,북한산우이,127.01275713087601,37.66288704047998,4702,솔밭공원,127.01275713087601,37.66288704047998,1
우이신설선,4702,솔밭공원,127.01275713087601,37.66288704047998,4703,4·19민주묘지,127.01369763482,37.6495307746374,2
우이신설선,4703,4·19민주묘지,127.01369763482,37.6495307746374,4704,가오리,127.01676896839822,37.6415440572233,2
우이신설선,4704,가오리,127.01676896839822,37.6415440572233,4705,화계,127.017510491529,37.6340873974011,1
우이신설선,4705,화계,127.017510491529,37.6340873974011,4706,삼양,127.018156780705,37.6269190539283,2
우이신설선,4706,삼양,127.018156780705,37.6269190539283,4707,삼양사거리,127.020488845069,37.6213181360851,2
우이신설선,4707,삼양사거리,127.020488845069,37.6213181360851,4708,솔샘,127.01355180603669,37.620259575206596,2
우이신설선,4708,솔샘,127.01355180603669,37.620259575206596,4709,북한산보국문,127.008263392003,37.6121367531121,2
우이신설선,4709,북한산보국문,127.008263392003,37.6121367531121,4710,정릉,127.013539545056,37.602614606648,3
우이신설선,4710,정릉,127.013539545056,37.602614606648,4711,성신여대입구,127.013539545056,37.602614606648,2
우이신설선,4711,성신여대입구,127.013539545056,37.602614606648,4712,보문,127.019550510271,37.5850444246949,2
우이신설선,4712,보문,127.019550510271,37.5850444246949,4713,신설동,127.02320708440578,37.576550995373644,2
의정부경전철,4601,발곡,127.052969199269,37.7271478742052,4602,회룡,127.052969199269,37.7271478742052,2
의정부경전철,4602,회룡,127.052969199269,37.7271478742052,4603,범골,127.043668564435,37.7287878498671,1
의정부경전철,4603,범골,127.043668564435,37.7287878498671,4604,경전철의정부,127.04330596631,37.7372643130628,2
의정부경전철,4604,경전철의정부,127.04330596631,37.7372643130628,4605,의정부시청,127.034848091039,37.739234834508,1
의정부경전철,4605,의정부시청,127.034848091039,37.739234834508,4606,흥선,127.03717589317614,37.74328307869396,2
의정부경전철,4606,흥선,127.03717589317614,37.74328307869396,4607,의정부중앙,127.049649812523,37.7436803165603,1
의정부경전철,4607,의정부중앙,127.049649812523,37.7436803165603,4608,동오,127.056985043204,37.745269911047,2
의정부경전철,4608,동오,127.056985043204,37.745269911047,4609,새말,127.063759511679,37.7488486906286,1
의정부경전철,4609,새말,127.063759511679,37.7488486906286,4610,경기도청북부청사,127.071617829299,37.7507650408734,2
의정부경전철,4610,경기도청북부청사,127.071617829299,37.7507650408734,4611,효자,127.077226606947,37.7539905661041,1
의정부경전철,4611,효자,127.077226606947,37.7539905661041,4612,곤제,127.083822421136,37.7505371570413,1
의정부경전철,4612,곤제,127.083822421136,37.7505371570413,4613,어룡,127.085206837732,37.7426941378158,2
의정부경전철,4613,어룡,127.085206837732,37.7426941378158,4614,송산,127.08721549161,37.7372760423191,1
의정부경전철,4614,송산,127.08721549161,37.7372760423191,4615,탑석,127.088908165858,37.7334871006703,2
인천2호선,3201,검단오류,126.627907494962,37.5949434686845,3202,왕길,126.642477372147,37.595129055954,1
인천2호선,3202,왕길,126.642477372147,37.595129055954,3203,검단사거리,126.65643839271,37.6016612295398,2
인천2호선,3203,검단사거리,126.65643839271,37.6016612295398,3204,마전,126.667223457118,37.5976340869751,3
인천2호선,3204,마전,126.667223457118,37.5976340869751,3205,완정,126.673033100577,37.5928390497566,2
인천2호선,3205,완정,126.673033100577,37.5928390497566,3206,독정,126.67600264877679,37.58484825991949,2
인천2호선,3206,독정,126.67600264877679,37.58484825991949,3208,검암,126.67567426472,37.5686781799536,2
인천2호선,3207,검바위,126.67567426472,37.5686781799536,3207,검바위,126.67567426472,37.5686781799536,2
인천2호선,3207,검바위,126.67567426472,37.5686781799536,3209,아시아드경기장,126.677107520162,37.5513145630525,2
인천2호선,3209,아시아드경기장,126.677107520162,37.5513145630525,3210,서구청,126.676844673062,37.5440446154284,2
인천2호선,3210,서구청,126.676844673062,37.5440446154284,3211,가정,126.675357432309,37.5248168619511,3
인천2호선,3211,가정,126.675357432309,37.5248168619511,3212,가정중앙시장,126.676823324228,37.5175263931377,3
인천2호선,3212,가정중앙시장,126.676823324228,37.5175263931377,3213,석남,126.676149271119,37.5062431189861,2
인천2호선,3213,석남,126.676149271119,37.5062431189861,3214,서부여성회관,126.675870541598,37.5003434953542,1
인천2호선,3214,서부여성회관,126.675870541598,37.5003434953542,3215,인천가좌,126.675242029489,37.4898360731372,2
인천2호선,3215,인천가좌,126.675242029489,37.4898360731372,3216,가재울,126.683769149033,37.4841504406643,3
인천2호선,3216,가재울,126.683769149033,37.4841504406643,3217,주안국가산단,126.68122005538342,37.47391267095278,2
인천2호선,3217,주안국가산단,126.68122005538342,37.47391267095278,3218,주안,126.679015725246,37.4651552217129,2
인천2호선,3218,주안,126.679015725246,37.4651552217129,3219,시민공원,126.681074618963,37.4583852139167,2
인천2호선,3219,시민공원,126.681074618963,37.4583852139167,3220,석바위시장,126.692353074376,37.4576690774014,2
인천2호선,3220,석바위시장,126.692353074376,37.4576690774014,3221,인천시청,126.692353074376,37.4576690774014,1
인천2호선,3221,인천시청,126.692353074376,37.4576690774014,3222,석천사거리,126.710422456642,37.4567884972007,2
인천2호선,3222,석천사거리,126.710422456642,37.4567884972007,3223,모래내시장,126.719621557604,37.4558628174958,2
인천2호선,3223,모래내시장,126.719621557604,37.4558628174958,3224,만수,126.731736248865,37.4549755117309,1
인천2호선,3224,만수,126.731736248865,37.4549755117309,3225,남동구청,126.736565773149,37.4481747324298,3
인천2호선,3225,남동구청,126.736565773149,37.4481747324298,3226,인천대공원,126.752851963764,37.4484766105613,2
인천2호선,3226,인천대공원,126.752851963764,37.4484766105613,3227,운연,126.759606687799,37.4396425989597,2
인천1호선,3107,검단호수공원,126.688281437599,37.6024064488687,3108,신검단중앙,126.6984792052,37.6026518827203,1
인천1호선,3108,신검단중앙,126.6984792052,37.6026518827203,3109,아라,126.71338036262,37.5922015078228,2
인천1호선,3109,아라,126.71338036262,37.5922015078228,3110,계양,126.73633456381877,37.571517804153075,4
인천1호선,3110,계양,126.73633456381877,37.571517804153075,3111,귤현,126.742679119614,37.5662988350728,2
인천1호선,3111,귤현,126.742679119614,37.5662988350728,3112,박촌,126.74506746745,37.5536612597496,3
인천1호선,3112,박촌,126.74506746745,37.5536612597496,3113,임학,126.738633379569,37.5450120455649,2
인천1호선,3113,임학,126.738633379569,37.5450120455649,3114,계산,126.7277312169,37.5433079533771,2
인천1호선,3114,계산,126.7277312169,37.5433079533771,3115,경인교대입구,126.722631302651,37.538124360683,2
인천1호선,3115,경인교대입구,126.722631302651,37.538124360683,3116,작전,126.722560827351,37.5302710952892,1
인천1호선,3116,작전,126.722560827351,37.5302710952892,3117,갈산,126.721550773775,37.5171177260985,2
인천1호선,3117,갈산,126.721550773775,37.5171177260985,3118,부평구청,126.720583092527,37.5084658276667,2
인천1호선,3118,부평구청,126.720583092527,37.5084658276667,3119,부평시장,126.722285373949,37.4983641942962,2
인천1호선,3119,부평시장,126.722285373949,37.4983641942962,3120,부평,126.723454741807,37.4903768319169,2
인천1호선,3120,부평,126.723454741807,37.4903768319169,3121,동수,126.718606270842,37.4855071635951,2
인천1호선,3121,동수,126.718606270842,37.4855071635951,3122,부평삼거리,126.71029378166388,37.477834830017315,2
인천1호선,3122,부평삼거리,126.71029378166388,37.477834830017315,3123,간석오거리,126.707918490817,37.4670826685298,2
인천1호선,3123,간석오거리,126.707918490817,37.4670826685298,3124,인천시청,126.70223575350143,37.45773583769292,3
인천1호선,3124,인천시청,126.70223575350143,37.45773583769292,3125,예술회관,126.700916120922,37.4485259845342,2
인천1호선,3125,예술회관,126.700916120922,37.4485259845342,3126,인천터미널,126.699694889876,37.4419166733897,1
인천1호선,3126,인천터미널,126.699694889876,37.4419166733897,3127,문학경기장,126.698449383593,37.4346513434001,2
인천1호선,3127,문학경기장,126.698449383593,37.4346513434001,3128,선학,126.69892316532737,37.4269470843403,1
인천1호선,3128,선학,126.69892316532737,37.4269470843403,3129,신연수,126.694019681969,37.4181081550544,2
인천1호선,3129,신연수,126.694019681969,37.4181081550544,3130,원인재,126.687889114089,37.4123688782408,2
인천1호선,3130,원인재,126.687889114089,37.4123688782408,3131,동춘,126.680851046438,37.404576119239,2
인천1호선,3131,동춘,126.680851046438,37.404576119239,3132,동막,126.673448014592,37.3979424375979,2
인천1호선,3132,동막,126.673448014592,37.3979424375979,3133,캠퍼스타운,126.662206121031,37.38844295632,2
인천1호선,3133,캠퍼스타운,126.662206121031,37.38844295632,3134,테크노파크,126.656299104753,37.3822809834253,2
인천1호선,3134,테크노파크,126.656299104753,37.3822809834253,3135,지식정보단지,126.645861381029,37.37750721892,2
인천1호선,3135,지식정보단지,126.645861381029,37.37750721892,3136,인천대입구,126.639542234479,37.3862063921103,2
인천1호선,3136,인천대입구,126.639542234479,37.3862063921103,3137,센트럴파크,126.634988814949,37.3928455432657,1
인천1호선,3137,센트럴파크,126.634988814949,37.3928455432657,3138,국제업무지구,126.634988814949,37.3928455432657,2
인천1호선,3138,국제업무지구,126.634988814949,37.3928455432657,3139,송도달빛축제공원,126.62601790846256,37.406920219431996,2
수인분당선,1891,인천,126.617398357613,37.4764686136348,1890,신포,126.624533685908,37.4684545360849,2
수인분당선,1890,신포,126.624533685908,37.4684545360849,1889,숭의,126.63841022084426,37.460799611154286,2
수인분당선,1889,숭의,126.63841022084426,37.460799611154286,1888,인하대,126.649763418519,37.4483386165197,3
수인분당선,1888,인하대,126.649763418519,37.4483386165197,1886,송도,126.654675713707,37.4299616326114,2
수인분당선,1886,송도,126.654675713707,37.4299616326114,1885,연수,126.67874745918827,37.41792798381812,4
수인분당선,1885,연수,126.67874745918827,37.41792798381812,1884,원인재,126.686457819329,37.4132120460243,2
수인분당선,1884,원인재,126.686457819329,37.4132120460243,1883,남동인더스파크,126.695227491501,37.4077423820652,2
수인분당선,1883,남동인더스파크,126.695227491501,37.4077423820652,1882,호구포,126.708683171095,37.4016421735726,2
수인분당선,1882,호구포,126.708683171095,37.4016421735726,1881,인천논현,126.722452080127,37.4006589466073,2
수인분당선,1881,인천논현,126.722452080127,37.4006589466073,1880,소래포구,126.733492081979,37.4009402347666,2
수인분당선,1880,소래포구,126.733492081979,37.4009402347666,1879,월곶,126.742707561155,37.3918207044367,2
수인분당선,1879,월곶,126.742707561155,37.3918207044367,1878,달월,126.74540347645,37.3800267658985,2
수인분당선,1878,달월,126.74540347645,37.3800267658985,1800,오이도,126.73892305019992,37.362929236026645,3
수인분당선,1800,오이도,126.73892305019992,37.362929236026645,1836,정왕,126.742261089582,37.3520125238326,2
수인분당선,1836,정왕,126.742261089582,37.3520125238326,1835,신길온천,126.76655878915673,37.33789250317993,3
수인분당선,1835,신길온천,126.76655878915673,37.33789250317993,1834,안산,126.78801883475911,37.32740075973935,3
수인분당선,1834,안산,126.78801883475911,37.32740075973935,1833,초지,126.80546223274199,37.320896443419954,3
수인분당선,1833,초지,126.80546223274199,37.320896443419954,1832,고잔,126.822470479766,37.3168252865338,2
수인분당선,1832,고잔,126.822470479766,37.3168252865338,1831,중앙,126.8379593376949,37.316040183909934,2
수인분당선,1831,중앙,126.8379593376949,37.316040183909934,1830,한대앞,126.85324560267,37.3102070123702,3
수인분당선,1830,한대앞,126.85324560267,37.3102070123702,1877,사리,126.85710444456184,37.290641235808586,4
수인분당선,1877,사리,126.85710444456184,37.290641235808586,1876,야목,126.883773399214,37.2614226743824,4
수인분당선,1876,야목,126.883773399214,37.2614226743824,1875,어천,126.90880001435008,37.25008784954119,3
수인분당선,1875,어천,126.90880001435008,37.25008784954119,1874,오목천,126.963902835862,37.2433596329495,5
수인분당선,1874,오목천,126.963902835862,37.2433596329495,1873,고색,126.980572516343,37.2497717717764,2
수인분당선,1873,고색,126.980572516343,37.2497717717764,1846,수원,127.000094700292,37.2657903079673,4
수인분당선,1846,수원,127.000094700292,37.2657903079673,1872,매교,127.01590057208,37.2655153235144,3
수인분당선,1872,매교,127.01590057208,37.2655153235144,1871,수원시청,127.030857188083,37.2619226180172,2
수인분당선,1871,수원시청,127.030857188083,37.2619226180172,1870,매탄권선,127.040808657326,37.2525055074191,2
수인분당선,1870,매탄권선,127.040808657326,37.2525055074191,1869,망포,127.056854781327,37.2458383703858,3
수인분당선,1869,망포,127.056854781327,37.2458383703858,1868,영통,127.07133191773,37.2515035095752,3
수인분당선,1868,영통,127.07133191773,37.2515035095752,1867,청명,127.078969000537,37.2595395723925,2
수인분당선,1867,청명,127.078969000537,37.2595395723925,1866,상갈,127.108737254546,37.261811831367,2
수인분당선,1866,상갈,127.108737254546,37.261811831367,1865,기흥,127.11704645705142,37.27545287699772,4
수인분당선,1865,기흥,127.11704645705142,37.27545287699772,1864,신갈,127.111284750107,37.2861483619847,3
수인분당선,1864,신갈,127.111284750107,37.2861483619847,1863,구성,127.10569583571818,37.298978850791976,2
수인분당선,1863,구성,127.10569583571818,37.298978850791976,1861,보정,127.108336816968,37.3127749181936,3
수인분당선,1861,보정,127.108336816968,37.3127749181936,1862,죽전,127.107505020642,37.3243773830569,3
수인분당선,1862,죽전,127.107505020642,37.3243773830569,1859,오리,127.108948940053,37.3398305519823,3
수인분당선,1859,오리,127.108948940053,37.3398305519823,1858,미금,127.10900662549734,37.35007159880101,2
수인분당선,1858,미금,127.10900662549734,37.35007159880101,1857,정자,127.108097457244,37.3661737923199,3
수인분당선,1857,정자,127.108097457244,37.3661737923199,1856,수내,127.114288846291,37.3784687674046,2
수인분당선,1856,수내,127.114288846291,37.3784687674046,1855,서현,127.123431479636,37.3850154269126,2
수인분당선,1855,서현,127.123431479636,37.3850154269126,1860,이매,127.12828790116325,37.396209063853476,2
수인분당선,1860,이매,127.12828790116325,37.396209063853476,1854,야탐,127.128730699,37.411451592,3
수인분당선,1854,야탐,127.128730699,37.411451592,1853,모란,127.129970457799,37.4340382896277,3
수인분당선,1853,모란,127.129970457799,37.4340382896277,1852,태평,127.12774980543841,37.43978918729356,2
수인분당선,1852,태평,127.12774980543841,37.43978918729356,1851,가천대,127.1266967573021,37.44856169280611,2
수인분당선,1851,가천대,127.1266967573021,37.44856169280611,1031,복정,127.12657757539301,37.46904181976967,3
수인분당선,1031,복정,127.12657757539301,37.46904181976967,1030,수서,127.10096935722798,37.48791648624159,4
수인분당선,1030,수서,127.10096935722798,37.48791648624159,1028,대모산입구,127.073070274916,37.4915500752654,1
수인분당선,1028,대모산입구,127.073070274916,37.4915500752654,1027,개포동,127.066120707828,37.4891394691891,1
수인분당선,1027,개포동,127.066120707828,37.4891394691891,1026,구룡,127.059492941655,37.4870274262116,2
수인분당선,1026,구룡,127.059492941655,37.4870274262116,1025,도곡,127.05549883514037,37.49097398162934,2
수인분당선,1025,도곡,127.05549883514037,37.49097398162934,1024,한티,127.052909749417,37.4962857047653,1
수인분당선,1024,한티,127.052909749417,37.4962857047653,1023,선릉,127.04870992465413,37.505167825521674,2
수인분당선,1023,선릉,127.04870992465413,37.505167825521674,1850,선정릉,127.0440148858615,37.51032431709664,2
수인분당선,1850,선정릉,127.0440148858615,37.51032431709664,1849,강남구청,127.0413109462156,37.51721617197854,2
수인분당선,1849,강남구청,127.0413109462156,37.51721617197854,1848,압구정로데오,127.0406027693898,37.5275184818021,2
수인분당선,1848,압구정로데오,127.0406027693898,37.5275184818021,1847,서울숲,127.044746216358,37.543645796605,1
수인분당선,1847,서울숲,127.044746216358,37.543645796605,102C,왕십리,127.03878380532441,37.56063982853407,3
수인분당선,102C,왕십리,127.03878380532441,37.56063982853407,1845,청량리,127.047847862522,37.5808953806814,5
