호선,출발역 ID,출발역,출발역 경도,출발역 위도,도착역 ID,도착역,도착역 경도,도착역 위도,소요시간
1,1919,연천,127.0736738,38.10060716,1918,전곡,127.0717251,38.02444101,8
1,1918,전곡,127.0717251,38.02444101,1917,청산,127.074274,37.995089,5
1,1917,청산,127.074274,37.995089,1916,소요산,127.0611286,37.94889759,6
1,1916,소요산,127.0611286,37.94889759,1915,동두천,127.054928,37.92761327,4
1,1915,동두천,127.054928,37.92761327,1914,보산,127.057181,37.91414402,2
1,1914,보산,127.057181,37.91414402,1913,동두천중앙,127.0564233,37.90178074,3
1,1913,동두천중앙,127.0564233,37.90178074,1912,지행,127.0557931,37.89234273,2
1,1912,지행,127.0557931,37.89234273,1911,덕정,127.0615593,37.84318765,5
1,1911,덕정,127.0615593,37.84318765,1910,덕계,127.0566917,37.81875258,3
1,1910,덕계,127.0566917,37.81875258,1909,양주,127.0447213,37.77414216,5
1,1909,양주,127.0447213,37.77414216,1908,녹양,127.0422794,37.75938525,3
1,1908,녹양,127.0422794,37.75938525,1907,가능,127.0442883,37.74839632,2
1,1907,가능,127.0442883,37.74839632,1906,의정부,127.0459568,37.73836249,2
1,1906,의정부,127.0459568,37.73836249,1905,회룡,127.0472954,37.72380588,3
1,1905,회룡,127.0472954,37.72380588,1904,망월사,127.0474183,37.71021916,3
1,1904,망월사,127.0474183,37.71021916,1903,도봉산,127.0460627,37.68951168,3
1,1903,도봉산,127.0460627,37.68951168,1902,도봉,127.0455349,37.6792119,2
1,1902,도봉,127.0455349,37.6792119,1901,방학,127.0443217,37.66743837,2
1,1901,방학,127.0443217,37.66743837,1022,창동,127.047645,37.65333851,2
1,1022,창동,127.047645,37.65333851,1021,녹천,127.051382,37.64463345,2
1,1021,녹천,127.051382,37.64463345,1020,월계,127.0588571,37.63327755,3
1,1020,월계,127.0588571,37.63327755,1019,광운대,127.0616952,37.62383736,3
1,1019,광운대,127.0616952,37.62383736,1018,석계,127.0656895,37.61500553,2
1,1018,석계,127.0656895,37.61500553,1017,신이문,127.067398,37.60178164,3
1,1017,신이문,127.067398,37.60178164,1016,외대앞,127.0636925,37.59627414,1
1,1016,외대앞,127.0636925,37.59627414,1015,회기,127.0580484,37.58979622,2
1,1015,회기,127.0580484,37.58979622,158,청량리,127.0447272,37.58003706,3
1,158,청량리,127.0447272,37.58003706,157,제기동,127.0349495,37.5781735,2
1,157,제기동,127.0349495,37.5781735,156,신설동,127.0244567,37.57602997,2
1,156,신설동,127.0244567,37.57602997,159,동묘앞,127.0163642,37.57321666,2
1,159,동묘앞,127.0163642,37.57321666,155,동대문,127.0106338,37.57166941,2
1,155,동대문,127.0106338,37.57166941,154,종로5가,127.0015383,37.57097611,2
1,154,종로5가,127.0015383,37.57097611,153,종로3가,126.9921533,37.57042084,2
1,153,종로3가,126.9921533,37.57042084,152,종각,126.9831508,37.57022799,2
1,152,종각,126.9831508,37.57022799,151,시청,126.9771982,37.5653454,3
1,151,시청,126.9771982,37.5653454,150,서울역,126.9697496,37.55332893,2
1,150,서울역,126.9697496,37.55332893,1002,남영,126.971331,37.54056667,3
1,1002,남영,126.971331,37.54056667,1003,용산,126.9646296,37.52977357,3
1,1003,용산,126.9646296,37.52977357,1004,노량진,126.9421099,37.5140548,3
1,1004,노량진,126.9421099,37.5140548,1005,대방,126.9264945,37.51335414,3
1,1005,대방,126.9264945,37.51335414,1032,신길,126.9183672,37.51678703,1
1,1032,신길,126.9183672,37.51678703,1006,영등포,126.9075503,37.51567263,3
1,1006,영등포,126.9075503,37.51567263,1007,신도림,126.8913125,37.50890848,2
1,1007,신도림,126.8913125,37.50890848,1701,구로,126.8823081,37.50334156,3
1,1701,구로,126.8823081,37.50334156,1702,가산디지털단지,126.8826148,37.48153119,4
1,1702,가산디지털단지,126.8826148,37.48153119,1714,독산,126.8894779,37.46597377,3
1,1714,독산,126.8894779,37.46597377,1703,금천구청,126.8936086,37.45619437,2
1,1703,금천구청,126.8936086,37.45619437,1704,석수,126.9023208,37.43509294,3
1,1704,석수,126.9023208,37.43509294,1705,관악,126.9085,37.41956796,3
1,1705,관악,126.9085,37.41956796,1706,안양,126.9227298,37.40168386,3
1,1706,안양,126.9227298,37.40168386,1707,명학,126.9355928,37.38446042,3
1,1707,명학,126.9355928,37.38446042,1708,금정,126.94327,37.37233746,2
1,1708,금정,126.94327,37.37233746,1709,군포,126.9485175,37.35419228,4
1,1709,군포,126.9485175,37.35419228,1729,당정,126.9483712,37.34368982,2
1,1729,당정,126.9483712,37.34368982,1710,의왕,126.9479765,37.32034211,2
1,1710,의왕,126.9479765,37.32034211,1711,성균관대,126.971022,37.300329,4
1,1711,성균관대,126.971022,37.300329,1712,화서,126.989612,37.28400168,3
1,1712,화서,126.989612,37.28400168,1713,수원,127.0000496,37.26568218,3
1,1713,수원,127.0000496,37.26568218,1715,세류,127.0137997,37.24387252,3
1,1715,세류,127.0137997,37.24387252,1716,병점,127.0332004,37.2067527,5
1,1716,병점,127.0332004,37.2067527,1717,세마,127.0434268,37.18713528,3
1,1717,세마,127.0434268,37.18713528,1718,오산대,127.0630757,37.16935044,3
1,1718,오산대,127.0630757,37.16935044,1719,오산,127.0668154,37.14552801,4
1,1719,오산,127.0668154,37.14552801,1720,진위,127.062356,37.11007903,4
1,1720,진위,127.062356,37.11007903,1721,송탄,127.0542805,37.07571266,3
1,1721,송탄,127.0542805,37.07571266,1722,서정리,127.0528817,37.0565637,3
1,1722,서정리,127.0528817,37.0565637,1723,평택지제,127.0705138,37.01890215,5
1,1723,평택지제,127.0705138,37.01890215,1724,평택,127.085273,36.99084901,4
1,1724,평택,127.085273,36.99084901,1725,성환,127.1268371,36.91595302,7
1,1725,성환,127.1268371,36.91595302,1726,직산,127.1438237,36.87093284,5
1,1726,직산,127.1438237,36.87093284,1727,두정,127.1489426,36.83398127,5
1,1727,두정,127.1489426,36.83398127,1728,천안,127.1464888,36.81052306,5
1,1728,천안,127.1464888,36.81052306,1401,봉명,127.1360381,36.80141983,2
1,1401,봉명,127.1360381,36.80141983,1402,쌍용,127.1213783,36.79372578,3
1,1402,쌍용,127.1213783,36.79372578,1403,아산,127.1040767,36.79211657,2
1,1403,아산,127.1040767,36.79211657,1404,탕정,127.0843925,36.78820871,3
1,1404,탕정,127.0843925,36.78820871,1405,배방,127.0527881,36.7776965,4
1,1405,배방,127.0527881,36.7776965,1407,온양온천,127.0031815,36.78054488,4
1,1407,온양온천,127.0031815,36.78054488,1408,신창,126.9513931,36.7696423,5
1,1701,구로,126.8823081,37.50334156,1813,구일,126.8696911,37.49625452,3
1,1813,구일,126.8696911,37.49625452,1801,개봉,126.858716,37.49464172,2
1,1801,개봉,126.858716,37.49464172,1802,오류동,126.8448074,37.49439721,2
1,1802,오류동,126.8448074,37.49439721,1821,온수,126.8238288,37.49239999,3
1,1821,온수,126.8238288,37.49239999,1803,역곡,126.8120593,37.48531526,2
1,1803,역곡,126.8120593,37.48531526,1814,소사,126.7956465,37.48280123,3
1,1814,소사,126.7956465,37.48280123,1804,부천,126.7830829,37.48398979,2
1,1804,부천,126.7830829,37.48398979,1822,중동,126.764534,37.48668162,2
1,1822,중동,126.764534,37.48668162,1805,송내,126.7531594,37.4876414,2
1,1805,송내,126.7531594,37.4876414,1815,부개,126.7407301,37.48847704,2
1,1815,부개,126.7407301,37.48847704,1806,부평,126.7243311,37.48944904,3
1,1806,부평,126.7243311,37.48944904,1807,백운,126.7072944,37.4833425,2
1,1807,백운,126.7072944,37.4833425,1808,동암,126.7028898,37.47069579,3
1,1808,동암,126.7028898,37.47069579,1816,간석,126.693519,37.46470628,2
1,1816,간석,126.693519,37.46470628,1809,주안,126.6799679,37.46505239,2
1,1809,주안,126.6799679,37.46505239,1823,도화,126.6685759,37.46611751,2
1,1823,도화,126.6685759,37.46611751,1810,제물포,126.6574939,37.46681933,2
1,1810,제물포,126.6574939,37.46681933,1817,도원,126.6425352,37.46877256,2
1,1817,도원,126.6425352,37.46877256,1811,동인천,126.6326161,37.47540327,2
1,1811,동인천,126.6326161,37.47540327,1812,인천,126.6168222,37.47616671,4
2,246,신설동,127.0249182,37.57480452,250,용두,127.0382757,37.57406213,2
2,250,용두,127.0382757,37.57406213,245,신답,127.0470801,37.56983868,2
2,245,신답,127.0470801,37.56983868,244,용답,127.0508895,37.56212278,2
2,244,용답,127.0508895,37.56212278,211,성수,127.056067,37.54458882,3
2,211,성수,127.056067,37.54458882,210,뚝섬,127.0473873,37.54724155,1
2,210,뚝섬,127.0473873,37.54724155,209,한양대,127.0436398,37.55571599,2
2,209,한양대,127.0436398,37.55571599,208,왕십리,127.0371034,37.56126836,2
2,208,왕십리,127.0371034,37.56126836,207,상왕십리,127.0292724,37.56443667,2
2,207,상왕십리,127.0292724,37.56443667,206,신당,127.0194775,37.56567305,1
2,206,신당,127.0194775,37.56567305,205,동대문역사문화공원,127.0090042,37.56566441,3
2,205,동대문역사문화공원,127.0090042,37.56566441,204,을지로4가,126.9976321,37.5666405,2
2,204,을지로4가,126.9976321,37.5666405,203,을지로3가,126.9909844,37.5662915,1
2,203,을지로3가,126.9909844,37.5662915,202,을지로입구,126.9821953,37.56603552,2
2,202,을지로입구,126.9821953,37.56603552,201,시청,126.9755983,37.56368184,2
2,201,시청,126.9755983,37.56368184,243,충정로,126.9644921,37.55976329,2
2,243,충정로,126.9644921,37.55976329,242,아현,126.9561464,37.55740618,2
2,242,아현,126.9561464,37.55740618,241,이대,126.9464295,37.55681472,1
2,241,이대,126.9464295,37.55681472,240,신촌,126.9369808,37.55519817,2
2,240,신촌,126.9369808,37.55519817,239,홍대입구,126.9237786,37.55687074,3
2,239,홍대입구,126.9237786,37.55687074,238,합정,126.9144541,37.54991316,2
2,238,합정,126.9144541,37.54991316,237,당산,126.9026118,37.53478432,3
2,237,당산,126.9026118,37.53478432,236,영등포구청,126.8966774,37.52583053,2
2,236,영등포구청,126.8966774,37.52583053,235,문래,126.8947788,37.51797572,1
2,235,문래,126.8947788,37.51797572,234,신도림,126.891611,37.50822219,3
2,234,신도림,126.891611,37.50822219,233,대림,126.894931,37.49330994,3
2,233,대림,126.894931,37.49330994,232,구로디지털단지,126.9014731,37.48526058,2
2,232,구로디지털단지,126.9014731,37.48526058,231,신대방,126.9135075,37.48765046,2
2,231,신대방,126.9135075,37.48765046,230,신림,126.9297454,37.48426714,2
2,230,신림,126.9297454,37.48426714,229,봉천,126.9416865,37.48247252,2
2,229,봉천,126.9416865,37.48247252,228,서울대입구,126.9527132,37.48128451,2
2,228,서울대입구,126.9527132,37.48128451,227,낙성대,126.9635239,37.47709324,2
2,227,낙성대,126.9635239,37.47709324,226,사당,126.9815586,37.47656223,3
2,226,사당,126.9815586,37.47656223,225,방배,126.9975533,37.48145613,3
2,225,방배,126.9975533,37.48145613,224,서초,127.0076621,37.49184993,2
2,224,서초,127.0076621,37.49184993,223,교대,127.0143838,37.4939,2
2,223,교대,127.0143838,37.4939,222,강남,127.0280014,37.49808634,2
2,222,강남,127.0280014,37.49808634,221,역삼,127.0364695,37.50067442,1
2,221,역삼,127.0364695,37.50067442,220,선릉,127.0489628,37.50449737,3
2,220,선릉,127.0489628,37.50449737,219,삼성,127.0630232,37.50882274,2
2,219,삼성,127.0630232,37.50882274,218,종합운동장,127.0738494,37.51114466,2
2,218,종합운동장,127.0738494,37.51114466,217,잠실새내,127.0863143,37.51162636,2
2,217,잠실새내,127.0863143,37.51162636,216,잠실,127.100231,37.51331106,2
2,216,잠실,127.100231,37.51331106,215,잠실나루,127.1038087,37.52071241,2
2,215,잠실나루,127.1038087,37.52071241,214,강변,127.0947411,37.53511804,2
2,214,강변,127.0947411,37.53511804,213,구의,127.0861808,37.53717527,2
2,213,구의,127.0861808,37.53717527,212,건대입구,127.0692029,37.54040752,2
2,212,건대입구,127.0692029,37.54040752,211,성수,127.056067,37.54458882,2
2,234,신도림,126.891611,37.50822219,247,도림천,126.8826491,37.51450804,2
2,247,도림천,126.8826491,37.51450804,248,양천구청,126.8657224,37.51238887,3
2,248,양천구청,126.8657224,37.51238887,249,신정네거리,126.8528896,37.52022312,3
2,249,신정네거리,126.8528896,37.52022312,200,까치산,126.8469483,37.53140601,3
3,1958,대화,126.747501,37.67615738,1957,주엽,126.7612635,37.67014949,2
3,1957,주엽,126.7612635,37.67014949,1956,정발산,126.773406,37.65948062,3
3,1956,정발산,126.773406,37.65948062,1955,마두,126.7776106,37.65224113,2
3,1955,마두,126.7776106,37.65224113,1954,백석,126.7881315,37.64296237,2
3,1954,백석,126.7881315,37.64296237,1953,대곡,126.8109311,37.63169736,4
3,1953,대곡,126.8109311,37.63169736,1952,화정,126.8326884,37.63464401,3
3,1952,화정,126.8326884,37.63464401,1951,원당,126.8429184,37.65311021,3
3,1951,원당,126.8429184,37.65311021,1948,원흥,126.8730252,37.65069218,3
3,1948,원흥,126.8730252,37.65069218,1950,삼송,126.8957339,37.65326512,3
3,1950,삼송,126.8957339,37.65326512,309,지축,126.9138543,37.64814864,3
3,309,지축,126.9138543,37.64814864,310,구파발,126.9188528,37.63643579,3
3,310,구파발,126.9188528,37.63643579,311,연신내,126.921103,37.61920415,3
3,311,연신내,126.921103,37.61920415,312,불광,126.9303158,37.6100478,2
3,312,불광,126.9303158,37.6100478,313,녹번,126.935828,37.60080677,2
3,313,녹번,126.935828,37.60080677,314,홍제,126.944158,37.58879538,2
3,314,홍제,126.944158,37.58879538,315,무악재,126.950231,37.58256323,2
3,315,무악재,126.950231,37.58256323,316,독립문,126.9579137,37.57446628,2
3,316,독립문,126.9579137,37.57446628,317,경복궁,126.9736914,37.57580612,3
3,317,경복궁,126.9736914,37.57580612,318,안국,126.9854214,37.57650192,2
3,318,안국,126.9854214,37.57650192,319,종로3가,126.9918758,37.57156329,2
3,319,종로3가,126.9918758,37.57156329,320,을지로3가,126.9926155,37.56643127,1
3,320,을지로3가,126.9926155,37.56643127,321,충무로,126.9941496,37.56139658,2
3,321,충무로,126.9941496,37.56139658,322,동대입구,127.005316,37.55905582,2
3,322,동대입구,127.005316,37.55905582,323,약수,127.0108917,37.5545054,1
3,323,약수,127.0108917,37.5545054,324,금호,127.0158292,37.54826092,2
3,324,금호,127.0158292,37.54826092,325,옥수,127.0173938,37.54156628,1
3,325,옥수,127.0173938,37.54156628,326,압구정,127.0285087,37.52649127,3
3,326,압구정,127.0285087,37.52649127,327,신사,127.0203086,37.51643598,2
3,327,신사,127.0203086,37.51643598,328,잠원,127.0114195,37.51288992,2
3,328,잠원,127.0114195,37.51288992,329,고속터미널,127.005121,37.50454886,2
3,329,고속터미널,127.005121,37.50454886,330,교대,127.013868,37.49274317,3
3,330,교대,127.013868,37.49274317,331,남부터미널,127.0162003,37.48519963,2
3,331,남부터미널,127.0162003,37.48519963,332,양재,127.0341641,37.48457681,2
3,332,양재,127.0341641,37.48457681,333,매봉,127.0467114,37.48693947,3
3,333,매봉,127.0467114,37.48693947,334,도곡,127.0554988,37.49097398,2
3,334,도곡,127.0554988,37.49097398,335,대치,127.0632034,37.49449665,1
3,335,대치,127.0632034,37.49449665,336,학여울,127.0711666,37.4968852,2
3,336,학여울,127.0711666,37.4968852,337,대청,127.0795281,37.49370832,2
3,337,대청,127.0795281,37.49370832,338,일원,127.0841298,37.48398867,2
3,338,일원,127.0841298,37.48398867,339,수서,127.1020587,37.48745964,2
3,339,수서,127.1020587,37.48745964,340,가락시장,127.1176417,37.49224932,3
3,340,가락시장,127.1176417,37.49224932,341,경찰병원,127.1244824,37.49600492,1
3,341,경찰병원,127.1244824,37.49600492,342,오금,127.1284828,37.50232209,1
4,405,진접,127.2032473,37.71990835,406,오남,127.1911049,37.70516352,3
4,406,오남,127.1911049,37.70516352,408,별내별가람,127.116242,37.66784621,7
4,408,별내별가람,127.116242,37.66784621,409,불암산,127.0790666,37.67021774,6
4,409,불암산,127.0790666,37.67021774,410,상계,127.0734216,37.66072054,3
4,410,상계,127.0734216,37.66072054,411,노원,127.0634491,37.65634035,2
4,411,노원,127.0634491,37.65634035,412,창동,127.0483884,37.65337064,2
4,412,창동,127.0483884,37.65337064,413,쌍문,127.0346561,37.64854261,2
4,413,쌍문,127.0346561,37.64854261,414,수유,127.0255091,37.63788539,3
4,414,수유,127.0255091,37.63788539,415,미아,127.0260411,37.62665449,2
4,415,미아,127.0260411,37.62665449,416,미아사거리,127.0300866,37.61327836,2
4,416,미아사거리,127.0300866,37.61327836,417,길음,127.0250602,37.60339478,3
4,417,길음,127.0250602,37.60339478,418,성신여대입구,127.0171261,37.59296813,2
4,418,성신여대입구,127.0171261,37.59296813,419,한성대입구,127.0060178,37.58842461,2
4,419,한성대입구,127.0060178,37.58842461,420,혜화,127.001945,37.58204392,2
4,420,혜화,127.001945,37.58204392,421,동대문,127.0093138,37.57090728,3
4,421,동대문,127.0093138,37.57090728,422,동대문역사문화공원,127.0079152,37.56514371,1
4,422,동대문역사문화공원,127.0079152,37.56514371,423,충무로,126.9952554,37.56151106,3
4,423,충무로,126.9952554,37.56151106,424,명동,126.9864024,37.56096527,1
4,424,명동,126.9864024,37.56096527,425,회현,126.9784373,37.55876115,2
4,425,회현,126.9784373,37.55876115,426,서울역,126.9726424,37.5530278,2
4,426,서울역,126.9726424,37.5530278,427,숙대입구,126.9721181,37.54459523,2
4,427,숙대입구,126.9721181,37.54459523,428,삼각지,126.972923,37.53443934,2
4,428,삼각지,126.972923,37.53443934,429,신용산,126.967965,37.52925915,1
4,429,신용산,126.967965,37.52925915,430,이촌,126.9745201,37.52237348,3
4,430,이촌,126.9745201,37.52237348,431,동작,126.9803148,37.50297958,3
4,431,동작,126.9803148,37.50297958,432,총신대입구,126.9822119,37.4867996,3
4,432,총신대입구,126.9822119,37.4867996,433,사당,126.9816985,37.47759121,2
4,433,사당,126.9816985,37.47759121,434,남태령,126.9890853,37.46424996,3
4,434,남태령,126.9890853,37.46424996,1450,선바위,127.0022287,37.45174799,3
4,1450,선바위,127.0022287,37.45174799,1451,경마공원,127.007838,37.44396299,2
4,1451,경마공원,127.007838,37.44396299,1452,대공원,127.0067525,37.43605574,2
4,1452,대공원,127.0067525,37.43605574,1453,과천,126.9966171,37.4328753,2
4,1453,과천,126.9966171,37.4328753,1454,정부과천청사,126.989868,37.42650473,2
4,1454,정부과천청사,126.989868,37.42650473,1455,인덕원,126.9766799,37.40149417,3
4,1455,인덕원,126.9766799,37.40149417,1456,평촌,126.963808,37.39423951,3
4,1456,평촌,126.963808,37.39423951,1457,범계,126.9507833,37.38978375,2
4,1457,범계,126.9507833,37.38978375,1458,금정,126.9434732,37.37246821,3
4,1458,금정,126.9434732,37.37246821,1751,산본,126.9330463,37.35801931,5
4,1751,산본,126.9330463,37.35801931,1763,수리산,126.925631,37.35055797,2
4,1763,수리산,126.925631,37.35055797,1752,대야미,126.9168975,37.32796513,3
4,1752,대야미,126.9168975,37.32796513,1753,반월,126.9038244,37.31238176,3
4,1753,반월,126.9038244,37.31238176,1754,상록수,126.8666056,37.30285236,3
4,1754,상록수,126.8666056,37.30285236,1755,한대앞,126.8540232,37.30942948,2
4,1755,한대앞,126.8540232,37.30942948,1756,중앙,126.8388304,37.31599452,3
4,1756,중앙,126.8388304,37.31599452,1757,고잔,126.8235988,37.31676931,2
4,1757,고잔,126.8235988,37.31676931,1758,초지,126.8064731,37.32044038,2
4,1758,초지,126.8064731,37.32044038,1759,안산,126.7892163,37.32685868,3
4,1759,안산,126.7892163,37.32685868,1760,신길온천,126.7675218,37.33737451,3
4,1760,신길온천,126.7675218,37.33737451,1761,정왕,126.7433502,37.35170133,3
4,1761,정왕,126.7433502,37.35170133,1762,오이도,126.7384035,37.36170269,3
5,2511,방화,126.8128193,37.5776032,2512,개화산,126.8068143,37.57253715,2
5,2512,개화산,126.8068143,37.57253715,2513,김포공항,126.8012568,37.56209982,2
5,2513,김포공항,126.8012568,37.56209982,2514,송정,126.8124303,37.56116124,2
5,2514,송정,126.8124303,37.56116124,2515,마곡,126.8246969,37.56022864,2
5,2515,마곡,126.8246969,37.56022864,2516,발산,126.8377364,37.55867774,2
5,2516,발산,126.8377364,37.55867774,2517,우장산,126.8363263,37.54881619,2
5,2517,우장산,126.8363263,37.54881619,2518,화곡,126.840455,37.54165079,2
5,2518,화곡,126.840455,37.54165079,2519,까치산,126.8464443,37.53223067,2
5,2519,까치산,126.8464443,37.53223067,2520,신정,126.8560975,37.52502761,3
5,2520,신정,126.8560975,37.52502761,2521,목동,126.8646253,37.52613512,1
5,2521,목동,126.8646253,37.52613512,2522,오목교,126.8753073,37.52453408,2
5,2522,오목교,126.8753073,37.52453408,2523,양평,126.8864193,37.52557964,2
5,2523,양평,126.8864193,37.52557964,2524,영등포구청,126.8953221,37.52422916,1
5,2524,영등포구청,126.8953221,37.52422916,2525,영등포시장,126.9051796,37.52270938,2
5,2525,영등포시장,126.9051796,37.52270938,2526,신길,126.9149139,37.51766397,2
5,2526,신길,126.9149139,37.51766397,2527,여의도,126.924398,37.52177539,2
5,2527,여의도,126.924398,37.52177539,2528,여의나루,126.932986,37.52714695,2
5,2528,여의나루,126.932986,37.52714695,2529,마포,126.9458626,37.53955403,2
5,2529,마포,126.9458626,37.53955403,2530,공덕,126.9514512,37.54454169,2
5,2530,공덕,126.9514512,37.54454169,2531,애오개,126.9566694,37.55341315,2
5,2531,애오개,126.9566694,37.55341315,2532,충정로,126.9630396,37.56042868,1
5,2532,충정로,126.9630396,37.56042868,2533,서대문,126.9666376,37.56575194,2
5,2533,서대문,126.9666376,37.56575194,2534,광화문,126.9764243,37.57164861,2
5,2534,광화문,126.9764243,37.57164861,2535,종로3가,126.9904177,37.57258941,2
5,2535,종로3가,126.9904177,37.57258941,2536,을지로4가,126.9904177,37.57258941,2
5,2536,을지로4가,126.9904177,37.57258941,2537,동대문역사문화공원,127.0057918,37.56462215,2
5,2537,동대문역사문화공원,127.0057918,37.56462215,2538,청구,127.0139438,37.56021019,2
5,2538,청구,127.0139438,37.56021019,2539,신금호,127.0204932,37.55447619,2
5,2539,신금호,127.0204932,37.55447619,2540,행당,127.0295118,37.55736378,2
5,2540,행당,127.0295118,37.55736378,2541,왕십리,127.0373313,37.56203954,1
5,2541,왕십리,127.0373313,37.56203954,2542,마장,127.0429849,37.56613896,2
5,2542,마장,127.0429849,37.56613896,2543,답십리,127.0525613,37.56697481,2
5,2543,답십리,127.0525613,37.56697481,2544,장한평,127.0637037,37.56160389,2
5,2544,장한평,127.0637037,37.56160389,2545,군자,127.0795106,37.55715149,2
5,2545,군자,127.0795106,37.55715149,2546,아차산,127.089565,37.55224917,2
5,2546,아차산,127.089565,37.55224917,2547,광나루,127.1035215,37.54529917,2
5,2547,광나루,127.1035215,37.54529917,2548,천호,127.1239285,37.53851121,3
5,2548,천호,127.1239285,37.53851121,2549,강동,127.1323963,37.53588191,2
5,2549,강동,127.1323963,37.53588191,2550,길동,127.1400213,37.53782649,2
5,2550,길동,127.1400213,37.53782649,2551,굽은다리,127.1428839,37.54551759,2
5,2551,굽은다리,127.1428839,37.54551759,2552,명일,127.1440437,37.5513979,2
5,2552,명일,127.1440437,37.5513979,2553,고덕,127.154165,37.55504767,2
5,2553,고덕,127.154165,37.55504767,2554,상일동,127.1659058,37.55667788,2
5,2554,상일동,127.1659058,37.55667788,2562,강일,127.1756802,37.55742598,2
5,2562,강일,127.1756802,37.55742598,2563,미사,127.192491,37.56299135,3
5,2563,미사,127.192491,37.56299135,2564,하남풍산,127.2040066,37.5522898,3
5,2564,하남풍산,127.2040066,37.5522898,2565,하남시청,127.2062982,37.54197751,2
5,2565,하남시청,127.2062982,37.54197751,2566,하남검단산,127.2232193,37.53980326,3
5,2550,길동,127.1400213,37.53782649,2555,둔촌동,127.1362146,37.52765684,2
5,2555,둔촌동,127.1362146,37.52765684,2556,올림픽공원,127.1309637,37.51633899,2
5,2556,올림픽공원,127.1309637,37.51633899,2557,방이,127.126096,37.50875063,2
5,2557,방이,127.126096,37.50875063,2558,오금,127.1279532,37.50213886,2
5,2558,오금,127.1279532,37.50213886,2559,개롱,127.1350796,37.49796828,2
5,2559,개롱,127.1350796,37.49796828,2560,거여,127.1437738,37.49333045,2
5,2560,거여,127.1437738,37.49333045,2561,마천,127.1528599,37.49503816,1
6,2649,신내,127.1042714,37.61249102,2648,봉화산,127.0913601,37.61735084,3
6,2648,봉화산,127.0913601,37.61735084,2647,화랑대,127.0835418,37.61984246,1
6,2647,화랑대,127.0835418,37.61984246,2646,태릉입구,127.0754053,37.61845951,2
6,2646,태릉입구,127.0754053,37.61845951,2645,석계,127.0667033,37.61514912,2
6,2645,석계,127.0667033,37.61514912,2644,돌곶이,127.0564381,37.61054501,2
6,2644,돌곶이,127.0564381,37.61054501,2643,상월곡,127.0488292,37.60655883,1
6,2643,상월곡,127.0488292,37.60655883,2642,월곡,127.0414607,37.60180442,2
6,2642,월곡,127.0414607,37.60180442,2641,고려대,127.0363083,37.59044191,2
6,2641,고려대,127.0363083,37.59044191,2640,안암,127.0292334,37.58630742,2
6,2640,안암,127.0292334,37.58630742,2639,보문,127.0200035,37.5855417,1
6,2639,보문,127.0200035,37.5855417,2638,창신,127.0152969,37.57941474,2
6,2638,창신,127.0152969,37.57941474,2637,동묘앞,127.0157256,37.57217159,2
6,2637,동묘앞,127.0157256,37.57217159,2636,신당,127.0161759,37.56609251,1
6,2636,신당,127.0161759,37.56609251,2635,청구,127.0141658,37.56091655,2
6,2635,청구,127.0141658,37.56091655,2634,약수,127.0101537,37.55392522,2
6,2634,약수,127.0101537,37.55392522,2633,버티고개,127.0067309,37.54782751,1
6,2633,버티고개,127.0067309,37.54782751,2632,한강진,127.0017651,37.53979077,2
6,2632,한강진,127.0017651,37.53979077,2631,이태원,126.9943339,37.53452521,2
6,2631,이태원,126.9943339,37.53452521,2630,녹사평,126.9865497,37.5347228,2
6,2630,녹사평,126.9865497,37.5347228,2629,삼각지,126.9740551,37.53560639,2
6,2629,삼각지,126.9740551,37.53560639,2628,효창공원앞,126.9613981,37.53930875,2
6,2628,효창공원앞,126.9613981,37.53930875,2627,공덕,126.9518954,37.54353005,2
6,2627,공덕,126.9518954,37.54353005,2626,대흥,126.9424732,37.54764791,2
6,2626,대흥,126.9424732,37.54764791,2625,광흥창,126.9320297,37.54748648,2
6,2625,광흥창,126.9320297,37.54748648,2624,상수,126.9224299,37.54776618,1
6,2624,상수,126.9224299,37.54776618,2623,합정,126.9142132,37.54878403,2
6,2623,합정,126.9142132,37.54878403,2622,망원,126.9100943,37.55608266,2
6,2622,망원,126.9100943,37.55608266,2621,마포구청,126.9034256,37.56348719,2
6,2621,마포구청,126.9034256,37.56348719,2620,월드컵경기장,126.8990981,37.56963557,1
6,2620,월드컵경기장,126.8990981,37.56963557,2619,디지털미디어시티,126.9012778,37.57601375,2
6,2619,디지털미디어시티,126.9012778,37.57601375,2618,증산,126.909495,37.58374635,2
6,2618,증산,126.909495,37.58374635,2617,새절,126.9135807,37.59086005,2
6,2617,새절,126.9135807,37.59086005,2611,응암,126.9155399,37.59849286,1
6,2611,응암,126.9155399,37.59849286,2612,역촌,126.9228437,37.60622746,2
6,2612,역촌,126.9228437,37.60622746,2613,불광,126.9293954,37.61087796,1
6,2613,불광,126.9293954,37.61087796,2614,독바위,126.9330537,37.61841416,2
6,2614,독바위,126.9330537,37.61841416,2615,연신내,126.9204547,37.61851446,3
6,2615,연신내,126.9204547,37.61851446,2616,구산,126.9172595,37.61124669,2
6,2616,구산,126.9172595,37.61124669,2611,응암,126.9155399,37.59849286,2
7,2711,장암,127.0528183,37.69995657,2712,도봉산,127.0464256,37.68963047,5
7,2712,도봉산,127.0464256,37.68963047,2713,수락산,127.055351,37.67788147,3
7,2713,수락산,127.055351,37.67788147,2714,마들,127.0577126,37.66520175,2
7,2714,마들,127.0577126,37.66520175,2715,노원,127.0605556,37.65451108,2
7,2715,노원,127.0605556,37.65451108,2716,중계,127.0641104,37.64509212,2
7,2716,중계,127.0641104,37.64509212,2717,하계,127.0679913,37.63647654,2
7,2717,하계,127.0679913,37.63647654,2718,공릉,127.0730336,37.62554276,2
7,2718,공릉,127.0730336,37.62554276,2719,태릉입구,127.0754053,37.61845951,1
7,2719,태릉입구,127.0754053,37.61845951,2720,먹골,127.0777622,37.61061938,2
7,2720,먹골,127.0777622,37.61061938,2721,중화,127.079312,37.60255269,2
7,2721,중화,127.079312,37.60255269,2722,상봉,127.0857545,37.59558533,2
7,2722,상봉,127.0857545,37.59558533,2723,면목,127.0875038,37.58871489,2
7,2723,면목,127.0875038,37.58871489,2724,사가정,127.0885046,37.58094038,2
7,2724,사가정,127.0885046,37.58094038,2725,용마산,127.0867198,37.57366797,1
7,2725,용마산,127.0867198,37.57366797,2726,중곡,127.0843124,37.56592206,2
7,2726,중곡,127.0843124,37.56592206,2727,군자,127.0796683,37.55745502,2
7,2727,군자,127.0796683,37.55745502,2728,어린이대공원,127.0746553,37.54796088,2
7,2728,어린이대공원,127.0746553,37.54796088,2729,건대입구,127.0711043,37.5408686,2
7,2729,건대입구,127.0711043,37.5408686,2730,자양,127.0667951,37.53155928,2
7,2730,자양,127.0667951,37.53155928,2731,청담,127.0537179,37.51945558,3
7,2731,청담,127.0537179,37.51945558,2732,강남구청,127.0413109,37.51721617,2
7,2732,강남구청,127.0413109,37.51721617,2733,학동,127.0319019,37.51434579,1
7,2733,학동,127.0319019,37.51434579,2734,논현,127.0216542,37.5112,2
7,2734,논현,127.0216542,37.5112,2735,반포,127.0115862,37.50816143,2
7,2735,반포,127.0115862,37.50816143,2736,고속터미널,127.0050078,37.50338656,2
7,2736,고속터미널,127.0050078,37.50338656,2737,내방,126.9936002,37.48765852,3
7,2737,내방,126.9936002,37.48765852,2738,이수,126.9816763,37.48528852,2
7,2738,이수,126.9816763,37.48528852,2739,남성,126.9709102,37.48479351,2
7,2739,남성,126.9709102,37.48479351,2740,숭실대입구,126.953622,37.49631728,3
7,2740,숭실대입구,126.953622,37.49631728,2741,상도,126.947918,37.50287063,1
7,2741,상도,126.947918,37.50287063,2742,장승배기,126.9390724,37.50489906,2
7,2742,장승배기,126.9390724,37.50489906,2743,신대방삼거리,126.9282109,37.49975723,3
7,2743,신대방삼거리,126.9282109,37.49975723,2744,보라매,126.9206123,37.49992085,1
7,2744,보라매,126.9206123,37.49992085,2745,신풍,126.9097543,37.50012299,2
7,2745,신풍,126.9097543,37.50012299,2746,대림,126.8967229,37.492843,3
7,2746,대림,126.8967229,37.492843,2747,남구로,126.8874151,37.48625714,2
7,2747,남구로,126.8874151,37.48625714,2748,가산디지털단지,126.8826618,37.48039597,2
7,2748,가산디지털단지,126.8826618,37.48039597,2749,철산,126.868211,37.47619284,2
7,2749,철산,126.868211,37.47619284,2750,광명사거리,126.8548737,37.47929831,2
7,2750,광명사거리,126.8548737,37.47929831,2751,천왕,126.8386053,37.48685558,3
7,2751,천왕,126.8386053,37.48685558,2752,온수,126.8238479,37.49196754,3
7,2752,온수,126.8238479,37.49196754,3753,까치울,126.8113396,37.50622735,3
7,3753,까치울,126.8113396,37.50622735,3754,부천종합운동장,126.797235,37.50542642,2
7,3754,부천종합운동장,126.797235,37.50542642,3755,춘의,126.7869978,37.5036992,1
7,3755,춘의,126.7869978,37.5036992,3756,신중동,126.7768983,37.50295164,2
7,3756,신중동,126.7768983,37.50295164,3757,부천시청,126.7640138,37.50465563,2
7,3757,부천시청,126.7640138,37.50465563,3758,상동,126.7531925,37.5057886,2
7,3758,상동,126.7531925,37.5057886,3759,삼산체육관,126.7414221,37.50650315,2
7,3759,삼산체육관,126.7414221,37.50650315,3760,굴포천,126.7313476,37.50704649,1
7,3760,굴포천,126.7313476,37.50704649,3761,부평구청,126.7214397,37.5074335,2
7,3761,부평구청,126.7214397,37.5074335,3762,산곡,126.7035437,37.5086072,3
7,3762,산곡,126.7035437,37.5086072,3763,석남,126.6763,37.5074743,3
8,2805,별내,127.1272826,37.64248659,2806,다산,127.1497972,37.62427828,3
8,2806,다산,127.1497972,37.62427828,2807,동구릉,127.138002,37.61104905,3
8,2807,동구릉,127.138002,37.61104905,2808,구리,127.1407246,37.60255942,2
8,2808,구리,127.1407246,37.60255942,2809,장자호수공원,127.1379338,37.58757743,3
8,2809,장자호수공원,127.1379338,37.58757743,2810,암사역사공원,127.1375631,37.55718372,4
8,2810,암사역사공원,127.1375631,37.55718372,2811,암사,127.1275407,37.55015818,3
8,2811,암사,127.1275407,37.55015818,2812,천호,127.1232034,37.53793623,3
8,2812,천호,127.1232034,37.53793623,2813,강동구청,127.1204437,37.5302112,1
8,2813,강동구청,127.1204437,37.5302112,2814,몽촌토성,127.1128653,37.51780558,3
8,2814,몽촌토성,127.1128653,37.51780558,2815,잠실,127.1032705,37.51431216,2
8,2815,잠실,127.1032705,37.51431216,2816,석촌,127.1070041,37.50541412,2
8,2816,석촌,127.1070041,37.50541412,2817,송파,127.1121935,37.49971495,2
8,2817,송파,127.1121935,37.49971495,2818,가락시장,127.1182627,37.49309925,2
8,2818,가락시장,127.1182627,37.49309925,2819,문정,127.1224849,37.48603105,1
8,2819,문정,127.1224849,37.48603105,2820,장지,127.1261766,37.47863169,2
8,2820,장지,127.1261766,37.47863169,2821,복정,127.1267218,37.47074367,2
8,2821,복정,127.1267218,37.47074367,2828,남위례,127.139351,37.46272308,2
8,2828,남위례,127.139351,37.46272308,2822,산성,127.1499419,37.45688147,2
8,2822,산성,127.1499419,37.45688147,2823,남한산성입구,127.1598826,37.4516687,3
8,2823,남한산성입구,127.1598826,37.4516687,2824,단대오거리,127.1567698,37.44502249,2
8,2824,단대오거리,127.1567698,37.44502249,2825,신흥,127.1475381,37.44092305,1
8,2825,신흥,127.1475381,37.44092305,2826,수진,127.1405345,37.43737798,2
8,2826,수진,127.1405345,37.43737798,2827,모란,127.1299705,37.43403829,1
9,4101,개화,126.7968914,37.57834451,4102,김포공항,126.8019136,37.56196757,5
9,4102,김포공항,126.8019136,37.56196757,4103,공항시장,126.8106096,37.56368923,1
9,4103,공항시장,126.8106096,37.56368923,4104,신방화,126.8172376,37.56748746,2
9,4104,신방화,126.8172376,37.56748746,4105,마곡나루,126.8274209,37.56671261,2
9,4105,마곡나루,126.8274209,37.56671261,4106,양천향교,126.8419788,37.56808088,3
9,4106,양천향교,126.8419788,37.56808088,4107,가양,126.8544214,37.56143312,4
9,4107,가양,126.8544214,37.56143312,4108,증미,126.8606368,37.55813306,2
9,4108,증미,126.8606368,37.55813306,4109,등촌,126.865571,37.55072898,2
9,4109,등촌,126.865571,37.55072898,4110,염창,126.8748716,37.54698294,2
9,4110,염창,126.8748716,37.54698294,4111,신목동,126.8830958,37.54428837,2
9,4111,신목동,126.8830958,37.54428837,4112,선유도,126.8933339,37.53815866,2
9,4112,선유도,126.8933339,37.53815866,4113,당산,126.9021651,37.53378924,2
9,4113,당산,126.9021651,37.53378924,4114,국회의사당,126.917839,37.5281465,2
9,4114,국회의사당,126.917839,37.5281465,4115,여의도,126.924661,37.52117009,2
9,4115,여의도,126.924661,37.52117009,4116,샛강,126.9283751,37.51737287,2
9,4116,샛강,126.9283751,37.51737287,4117,노량진,126.9408932,37.51358567,3
9,4117,노량진,126.9408932,37.51358567,4118,노들,126.9530961,37.51267212,2
9,4118,노들,126.9530961,37.51267212,4119,흑석,126.9634631,37.50916547,2
9,4119,흑석,126.9634631,37.50916547,4120,동작,126.9785461,37.50274411,4
9,4120,동작,126.9785461,37.50274411,4121,구반포,126.9874649,37.50143983,2
9,4121,구반포,126.9874649,37.50143983,4122,신반포,126.9960824,37.50350914,2
9,4122,신반포,126.9960824,37.50350914,4123,고속터미널,127.0042118,37.50598149,2
9,4123,고속터미널,127.0042118,37.50598149,4124,사평,127.0152725,37.50423263,2
9,4124,사평,127.0152725,37.50423263,4125,신논현,127.025492,37.50481111,2
9,4125,신논현,127.025492,37.50481111,4126,언주,127.0339709,37.5073354,2
9,4126,언주,127.0339709,37.5073354,4127,선정릉,127.0440149,37.51032432,2
9,4127,선정릉,127.0440149,37.51032432,4128,삼성중앙,127.0530437,37.51296145,2
9,4128,삼성중앙,127.0530437,37.51296145,4129,봉은사,127.0602339,37.51425545,2
9,4129,봉은사,127.0602339,37.51425545,4130,종합운동장,127.0763245,37.51140979,2
9,4130,종합운동장,127.0763245,37.51140979,4131,삼전,127.0873636,37.5045491,3
9,4131,삼전,127.0873636,37.5045491,4132,석촌고분,127.0965082,37.50246246,2
9,4132,석촌고분,127.0965082,37.50246246,4133,석촌,127.1067648,37.50497285,3
9,4133,석촌,127.1067648,37.50497285,4134,송파나루,127.1126617,37.51101671,4
9,4134,송파나루,127.1126617,37.51101671,4135,한성백제,127.1164492,37.51653799,2
9,4135,한성백제,127.1164492,37.51653799,4136,올림픽공원,127.1302529,37.51611632,3
9,4136,올림픽공원,127.1302529,37.51611632,4137,둔촌오륜,127.1386521,37.51940804,2
9,4137,둔촌오륜,127.1386521,37.51940804,4138,중앙보훈병원,127.1484117,37.52840259,2
GTX-A,9000,운정중앙,126.7281446,37.71612658,9001,킨텍스,126.7482565,37.66524275,4
GTX-A,9001,킨텍스,126.7482565,37.66524275,9002,대곡,126.810475,37.63240571,5
GTX-A,9002,대곡,126.810475,37.63240571,9004,연신내,126.9206377,37.61893624,5
GTX-A,9004,연신내,126.9206377,37.61893624,9005,서울,126.9726369,37.55548752,5
GTX-A,8,수서,127.1025585,37.48663659,9,성남,127.1205478,37.39432777,6
GTX-A,9,성남,127.1205478,37.39432777,10,구성,127.103861,37.29910662,7
GTX-A,10,구성,127.103861,37.29910662,11,동탄,127.0954956,37.20096114,7
경강선,1501,판교,127.1119827,37.39477589,1512,성남,127.1195603,37.39474504,6
경강선,1512,성남,127.1195603,37.39474504,1502,이매,127.1273187,37.39471351,2
경강선,1502,이매,127.1273187,37.39471351,1503,삼동,127.2033839,37.40868738,7
경강선,1503,삼동,127.2033839,37.40868738,1504,경기광주,127.2532827,37.39894381,5
경강선,1504,경기광주,127.2532827,37.39894381,1505,초월,127.2999052,37.37337913,4
경강선,1505,초월,127.2999052,37.37337913,1506,곤지암,127.3462513,37.35053954,5
경강선,1506,곤지암,127.3462513,37.35053954,1507,신둔도예촌,127.405243,37.31561312,5
경강선,1507,신둔도예촌,127.405243,37.31561312,1508,이천,127.4421679,37.26422576,6
경강선,1508,이천,127.4421679,37.26422576,1509,부발,127.4903215,37.26039235,4
경강선,1509,부발,127.4903215,37.26039235,1510,세종대왕릉,127.5706596,37.29363262,7
경강선,1510,세종대왕릉,127.5706596,37.29363262,1511,여주,127.6285291,37.28285965,4
경의중앙선,1285,임진강,126.7470785,37.88827506,1286,운천,126.769909,37.8798512,4
경의중앙선,1286,운천,126.769909,37.8798512,1284,문산,126.7873954,37.8546269,6
경의중앙선,1284,문산,126.7873954,37.8546269,1283,파주,126.7926913,37.81536558,5
경의중앙선,1283,파주,126.7926913,37.81536558,1282,월롱,126.7925859,37.79621464,3
경의중앙선,1282,월롱,126.7925859,37.79621464,1280,금촌,126.7746333,37.7662265,4
경의중앙선,1280,금촌,126.7746333,37.7662265,1279,금릉,126.7654101,37.75133898,2
경의중앙선,1279,금릉,126.7654101,37.75133898,1278,운정,126.7671633,37.72560181,4
경의중앙선,1278,운정,126.7671633,37.72560181,1277,야당,126.761454,37.71261102,2
경의중앙선,1277,야당,126.761454,37.71261102,1276,탄현,126.7610783,37.69398894,3
경의중앙선,1276,탄현,126.7610783,37.69398894,1275,일산,126.7695084,37.68222907,4
경의중앙선,1275,일산,126.7695084,37.68222907,1274,풍산,126.7860838,37.6726685,3
경의중앙선,1274,풍산,126.7860838,37.6726685,1273,백마,126.794334,37.658536,3
경의중앙선,1273,백마,126.794334,37.658536,1272,곡산,126.8016032,37.64607886,2
경의중앙선,1272,곡산,126.8016032,37.64607886,300,대곡,126.8100094,37.63194996,3
경의중앙선,300,대곡,126.8100094,37.63194996,1271,능곡,126.8206343,37.61898699,4
경의중앙선,1270,행신,126.8342883,37.61212161,1271,능곡,126.8206343,37.61898699,4
경의중앙선,1269,강매,126.8444982,37.61229047,1270,행신,126.8342883,37.61212161,3
경의중앙선,1268,한국항공대,126.8683857,37.60331324,1269,강매,126.8444982,37.61229047,3
경의중앙선,1267,수색,126.8956595,37.58086257,1266,디지털미디어시티,126.9006907,37.57740169,2
경의중앙선,1266,디지털미디어시티,126.9006907,37.57740169,1265,가좌,126.9148151,37.56874335,3
경의중앙선,1265,가좌,126.9148151,37.56874335,1264,홍대입구,126.9271189,37.55744949,2
경의중앙선,1264,홍대입구,126.9271189,37.55744949,1263,서강대,126.9355076,37.55213849,2
경의중앙선,1263,서강대,126.9355076,37.55213849,1262,공덕,126.9527198,37.54247351,3
경의중앙선,1262,공덕,126.9527198,37.54247351,1261,효창공원앞,126.9628241,37.53860553,3
경의중앙선,1261,효창공원앞,126.9628241,37.53860553,100C,용산,126.9647575,37.52960692,3
경의중앙선,100C,용산,126.9647575,37.52960692,1008,이촌,126.9735438,37.52241291,3
경의중앙선,1008,이촌,126.9735438,37.52241291,1009,서빙고,126.9884109,37.51956814,3
경의중앙선,1009,서빙고,126.9884109,37.51956814,1010,한남,127.0092091,37.52942892,3
경의중앙선,1010,한남,127.0092091,37.52942892,1011,옥수,127.0187446,37.5405119,2
경의중앙선,1011,옥수,127.0187446,37.5405119,1012,응봉,127.0344837,37.54995263,3
경의중앙선,1012,응봉,127.0344837,37.54995263,1013,왕십리,127.0383329,37.56205814,2
경의중앙선,1013,왕십리,127.0383329,37.56205814,1014,청량리,127.0478656,37.58027909,5
경의중앙선,1014,청량리,127.0478656,37.58027909,101C,회기,127.0578262,37.58952963,3
경의중앙선,101C,회기,127.0578262,37.58952963,1201,중랑,127.0756804,37.5948426,3
경의중앙선,1201,중랑,127.0756804,37.5948426,1202,상봉,127.0851511,37.59671381,2
경의중앙선,1202,상봉,127.0851511,37.59671381,1203,망우,127.0923674,37.59929603,2
경의중앙선,1203,망우,127.0923674,37.59929603,1204,양원,127.1079461,37.60660606,2
경의중앙선,1204,양원,127.1079461,37.60660606,1205,구리,127.143351,37.60326894,3
경의중앙선,1205,구리,127.143351,37.60326894,1206,도농,127.1611787,37.6087726,3
경의중앙선,1206,도농,127.1611787,37.6087726,1207,양정,127.1946691,37.60402796,4
경의중앙선,1207,양정,127.1946691,37.60402796,1208,덕소,127.2088427,37.58689033,3
경의중앙선,1208,덕소,127.2088427,37.58689033,1209,도심,127.2226839,37.57963908,2
경의중앙선,1209,도심,127.2226839,37.57963908,1210,팔당,127.2439662,37.54735943,4
경의중앙선,1210,팔당,127.2439662,37.54735943,1211,운길산,127.3102316,37.55464254,5
경의중앙선,1211,운길산,127.3102316,37.55464254,1212,양수,127.3291384,37.54596343,2
경의중앙선,1212,양수,127.3291384,37.54596343,1213,신원,127.3730917,37.52558556,4
경의중앙선,1213,신원,127.3730917,37.52558556,1214,국수,127.3993098,37.51618712,3
경의중앙선,1214,국수,127.3993098,37.51618712,1215,아신,127.4432115,37.5139186,4
경의중앙선,1215,아신,127.4432115,37.5139186,1216,오빈,127.4736614,37.50616717,4
경의중앙선,1216,오빈,127.4736614,37.50616717,1217,양평,127.4922476,37.49268434,4
경의중앙선,1217,양평,127.4922476,37.49268434,1218,원덕,127.5465587,37.46878174,6
경의중앙선,1218,원덕,127.5465587,37.46878174,1219,용문,127.5937953,37.48180207,5
경의중앙선,1219,용문,127.5937953,37.48180207,1220,지평,127.6289059,37.47690728,4
경의중앙선,1265,가좌,126.9148151,37.56874335,1252,신촌,126.9420893,37.55967514,3
경의중앙선,1252,신촌,126.9420893,37.55967514,1251,서울역,126.9713179,37.55693331,6
경춘선,1306,청량리,127.0486361,37.58127348,1307,회기,127.0585376,37.58992212,3
경춘선,1307,회기,127.0585376,37.58992212,1308,중랑,127.0767903,37.59508335,3
경춘선,1308,중랑,127.0767903,37.59508335,1309,상봉,127.0850857,37.59697334,2
경춘선,1309,상봉,127.0850857,37.59697334,1310,망우,127.0917387,37.60001731,2
경춘선,1310,망우,127.0917387,37.60001731,1311,신내,127.1032252,37.61270547,3
경춘선,1311,신내,127.1032252,37.61270547,1312,갈매,127.1147607,37.63406893,4
경춘선,1312,갈매,127.1147607,37.63406893,1313,별내,127.1269691,37.64206707,3
경춘선,1313,별내,127.1269691,37.64206707,1314,퇴계원,127.1435371,37.64826576,6
경춘선,1314,퇴계원,127.1435371,37.64826576,1315,사릉,127.1769262,37.65112428,3
경춘선,1315,사릉,127.1769262,37.65112428,1316,금곡,127.2075337,37.63735514,4
경춘선,1316,금곡,127.2075337,37.63735514,1317,평내호평,127.244439,37.65321381,4
경춘선,1317,평내호평,127.244439,37.65321381,1318,천마산,127.2850627,37.65922768,4
경춘선,1318,천마산,127.2850627,37.65922768,1319,마석,127.3116866,37.65279222,2
경춘선,1319,마석,127.3116866,37.65279222,1320,대성리,127.3797063,37.68399007,4
경춘선,1320,대성리,127.3797063,37.68399007,1321,청평,127.4266229,37.7355164,3
경춘선,1321,청평,127.4266229,37.7355164,1322,상천,127.4545157,37.7701784,4
경춘선,1322,상천,127.4545157,37.7701784,1323,가평,127.5107394,37.81452005,3
경춘선,1323,가평,127.5107394,37.81452005,1324,굴봉산,127.5577699,37.83206619,5
경춘선,1324,굴봉산,127.5577699,37.83206619,1325,백양리,127.589325,37.83079175,3
경춘선,1325,백양리,127.589325,37.83079175,1326,강촌,127.6341516,37.8057217,5
경춘선,1326,강촌,127.6341516,37.8057217,1327,김유정,127.714324,37.81844901,6
경춘선,1327,김유정,127.714324,37.81844901,1328,남춘천,127.7238507,37.86404667,6
경춘선,1328,남춘천,127.7238507,37.86404667,1329,춘천,127.7166986,37.88451274,3
경춘선,1305,광운대,127.0619852,37.6239165,1309,상봉,127.0850857,37.59697334,8
공항철도,4215,인천공항2터미널,126.4336409,37.46880021,4213,인천공항1터미널,126.4525845,37.44752855,6
공항철도,4213,인천공항1터미널,126.4525845,37.44752855,4212,공항화물청사,126.4775144,37.4590625,4
공항철도,4212,공항화물청사,126.4775144,37.4590625,4211,운서,126.4937299,37.49280888,4
공항철도,4211,운서,126.4937299,37.49280888,4217,영종,126.5249759,37.51202899,4
공항철도,4217,영종,126.5249759,37.51202899,4210,청라국제도시,126.6246584,37.55646453,9
공항철도,4210,청라국제도시,126.6246584,37.55646453,4209,검암,126.6736422,37.56925282,5
공항철도,4209,검암,126.6736422,37.56925282,4208,계양,126.7379045,37.57091223,6
공항철도,4208,계양,126.7379045,37.57091223,4207,김포공항,126.8024731,37.56182976,6
공항철도,4207,김포공항,126.8024731,37.56182976,4206,마곡나루,126.8274959,37.56563153,3
공항철도,4206,마곡나루,126.8274959,37.56563153,4204,디지털미디어시티,126.8978819,37.57752092,8
공항철도,4204,디지털미디어시티,126.8978819,37.57752092,4203,홍대입구,126.9270104,37.55730527,4
공항철도,4203,홍대입구,126.9270104,37.55730527,4202,공덕,126.9540646,37.54166314,3
공항철도,4202,공덕,126.9540646,37.54166314,4201,서울역,126.9697496,37.55332893,4
김포골드,4920,양촌,126.6146259,37.64178439,4921,구래,126.628576,37.64539341,3
김포골드,4921,구래,126.628576,37.64539341,4922,마산,126.6440044,37.64061172,3
김포골드,4922,마산,126.6440044,37.64061172,4923,장기,126.6690786,37.64406519,4
김포골드,4923,장기,126.6690786,37.64406519,4924,운양,126.6838445,37.653775,2
김포골드,4924,운양,126.6838445,37.653775,4925,걸포북변,126.7057757,37.63163877,4
김포골드,4925,걸포북변,126.7057757,37.63163877,4926,사우,126.7197674,37.62032134,3
김포골드,4926,사우,126.7197674,37.62032134,4927,풍무,126.7324492,37.6124284,2
김포골드,4927,풍무,126.7324492,37.6124284,4928,고촌,126.7703259,37.60121341,5
김포골드,4928,고촌,126.7703259,37.60121341,4929,김포공항,126.8019919,37.5623299,7
서해선,108C,일산,126.7705539,37.68177882,107C,풍산,126.7865133,37.67193318,2
서해선,107C,풍산,126.7865133,37.67193318,106C,백마,126.7947655,37.65779704,3
서해선,106C,백마,126.7947655,37.65779704,105C,곡산,126.8020267,37.64535158,2
서해선,105C,곡산,126.8020267,37.64535158,103C,대곡,126.8097208,37.63185759,4
서해선,103C,대곡,126.8097208,37.63185759,104C,능곡,126.8206343,37.61898699,3
서해선,104C,능곡,126.8206343,37.61898699,1980,김포공항,126.8041517,37.56179561,7
서해선,1980,김포공항,126.8041517,37.56179561,1981,원종,126.8048451,37.5241891,5
서해선,1981,원종,126.8048451,37.5241891,1982,부천종합운동장,126.7976017,37.50615415,3
서해선,1982,부천종합운동장,126.7976017,37.50615415,4804,소사,126.7950606,37.48290563,4
서해선,4804,소사,126.7950606,37.48290563,4805,소새울,126.7972816,37.46851045,3
서해선,4805,소새울,126.7972816,37.46851045,4806,시흥대야,126.7929938,37.45009987,3
서해선,4806,시흥대야,126.7929938,37.45009987,4807,신천,126.7867851,37.43924605,3
서해선,4807,신천,126.7867851,37.43924605,4808,신현,126.7878384,37.40956487,4
서해선,4808,신현,126.7878384,37.40956487,4809,시흥시청,126.8059481,37.38156162,5
서해선,4809,시흥시청,126.8059481,37.38156162,4810,시흥능곡,126.8087213,37.36994653,2
서해선,4810,시흥능곡,126.8087213,37.36994653,4811,달미,126.8094161,37.34878795,4
서해선,4811,달미,126.8094161,37.34878795,4812,선부,126.8099895,37.33440845,3
서해선,4812,선부,126.8099895,37.33440845,4813,초지,126.8078423,37.31974341,3
서해선,4813,초지,126.8078423,37.31974341,4814,시우,126.7957422,37.31316362,3
서해선,4814,시우,126.7957422,37.31316362,4815,원시,126.7867935,37.30262376,2
신림선,4401,샛강,126.9294634,37.51716629,4402,대방,126.925416,37.51281376,1
신림선,4402,대방,126.925416,37.51281376,4403,서울지방병무청,126.922714,37.50605539,2
신림선,4403,서울지방병무청,126.922714,37.50605539,4404,보라매,126.9204366,37.50030727,3
신림선,4404,보라매,126.9204366,37.50030727,4405,보라매공원,126.9181405,37.49544567,2
신림선,4405,보라매공원,126.9181405,37.49544567,4406,보라매병원,126.9235495,37.49296432,2
신림선,4406,보라매병원,126.9235495,37.49296432,4407,당곡,126.9275608,37.49022328,1
신림선,4407,당곡,126.9275608,37.49022328,4408,신림,126.9296295,37.48488155,2
신림선,4408,신림,126.9296295,37.48488155,4409,서원,126.9331099,37.47823864,2
신림선,4409,서원,126.9331099,37.47823864,4410,서울대벤처타운,126.93396,37.47200232,2
신림선,4410,서울대벤처타운,126.93396,37.47200232,4411,관악산,126.9450995,37.46908605,2
신분당선,4304,신사,127.0195517,37.51608201,4305,논현,127.0216789,37.51041252,1
신분당선,4305,논현,127.0216789,37.51041252,4306,신논현,127.0249262,37.5036165,2
신분당선,4306,신논현,127.0249262,37.5036165,4307,강남,127.0281852,37.49677713,2
신분당선,4307,강남,127.0281852,37.49677713,4308,양재,127.0351541,37.48346558,2
신분당선,4308,양재,127.0351541,37.48346558,4309,양재시민의숲,127.0384713,37.47013321,2
신분당선,4309,양재시민의숲,127.0384713,37.47013321,4310,청계산입구,127.0547203,37.44835474,3
신분당선,4310,청계산입구,127.0547203,37.44835474,4311,판교,127.1111978,37.39477753,7
신분당선,4311,판교,127.1111978,37.39477753,4312,정자,127.1085191,37.36732672,3
신분당선,4312,정자,127.1085191,37.36732672,4313,미금,127.1085191,37.36732672,3
신분당선,4313,미금,127.1085191,37.36732672,4314,동천,127.1028704,37.33784291,3
신분당선,4314,동천,127.1028704,37.33784291,4315,수지구청,127.0946586,37.32249258,2
신분당선,4315,수지구청,127.0946586,37.32249258,4316,성복,127.0803837,37.31353245,3
신분당선,4316,성복,127.0803837,37.31353245,4317,상현,127.0693635,37.29782897,3
신분당선,4317,상현,127.0693635,37.29782897,4318,광교중앙,127.0517263,37.2883843,3
신분당선,4318,광교중앙,127.0517263,37.2883843,4319,광교,127.0442689,37.30211193,4
에버라인,4501,기흥,127.1170465,37.27545288,4502,강남대,127.1260669,37.27017073,1
에버라인,4502,강남대,127.1260669,37.27017073,4503,지석,127.1366326,37.26973732,2
에버라인,4503,지석,127.1366326,37.26973732,4504,어정,127.1437499,37.27495132,1
에버라인,4504,어정,127.1437499,37.27495132,4505,동백,127.1526906,37.26910138,2
에버라인,4505,동백,127.1526906,37.26910138,4506,초당,127.1594692,37.26080647,4
에버라인,4506,초당,127.1594692,37.26080647,4508,삼가,127.16818,37.24205993,2
에버라인,4508,삼가,127.16818,37.24205993,4509,시청.용인대,127.1788851,37.23944203,2
에버라인,4509,시청.용인대,127.1788851,37.23944203,4510,명지대,127.1902913,37.23807629,2
에버라인,4510,명지대,127.1902913,37.23807629,4511,김량장,127.1986109,37.23732377,1
에버라인,4511,김량장,127.1986109,37.23732377,4512,용인중앙시장,127.2090515,37.2379113,3
에버라인,4512,용인중앙시장,127.2090515,37.2379113,4513,고진,127.2141836,37.24463834,1
에버라인,4513,고진,127.2141836,37.24463834,4514,보평,127.2136387,37.26721222,2
에버라인,4514,보평,127.2136387,37.26721222,4515,둔전,127.2136387,37.26721222,2
에버라인,4515,둔전,127.2136387,37.26721222,4517,전대.에버랜드,127.219509,37.28541327,3
우이신설선,4701,북한산우이,127.0127571,37.66288704,4702,솔밭공원,127.0127571,37.66288704,1
우이신설선,4702,솔밭공원,127.0127571,37.66288704,4703,4·19민주묘지,127.0136976,37.64953077,2
우이신설선,4703,4·19민주묘지,127.0136976,37.64953077,4704,가오리,127.016769,37.64154406,2
우이신설선,4704,가오리,127.016769,37.64154406,4705,화계,127.0175105,37.6340874,1
우이신설선,4705,화계,127.0175105,37.6340874,4706,삼양,127.0181568,37.62691905,2
우이신설선,4706,삼양,127.0181568,37.62691905,4707,삼양사거리,127.0204888,37.62131814,2
우이신설선,4707,삼양사거리,127.0204888,37.62131814,4708,솔샘,127.0135518,37.62025958,2
우이신설선,4708,솔샘,127.0135518,37.62025958,4709,북한산보국문,127.0082634,37.61213675,2
우이신설선,4709,북한산보국문,127.0082634,37.61213675,4710,정릉,127.0135395,37.60261461,3
우이신설선,4710,정릉,127.0135395,37.60261461,4711,성신여대입구,127.0135395,37.60261461,2
우이신설선,4711,성신여대입구,127.0135395,37.60261461,4712,보문,127.0195505,37.58504442,2
우이신설선,4712,보문,127.0195505,37.58504442,4713,신설동,127.0232071,37.576551,2
의정부경전철,4601,발곡,127.0529692,37.72714787,4602,회룡,127.0529692,37.72714787,2
의정부경전철,4602,회룡,127.0529692,37.72714787,4603,범골,127.0436686,37.72878785,1
의정부경전철,4603,범골,127.0436686,37.72878785,4604,경전철의정부,127.043306,37.73726431,2
의정부경전철,4604,경전철의정부,127.043306,37.73726431,4605,의정부시청,127.0348481,37.73923483,1
의정부경전철,4605,의정부시청,127.0348481,37.73923483,4606,흥선,127.0371759,37.74328308,2
의정부경전철,4606,흥선,127.0371759,37.74328308,4607,의정부중앙,127.0496498,37.74368032,1
의정부경전철,4607,의정부중앙,127.0496498,37.74368032,4608,동오,127.056985,37.74526991,2
의정부경전철,4608,동오,127.056985,37.74526991,4609,새말,127.0637595,37.74884869,1
의정부경전철,4609,새말,127.0637595,37.74884869,4610,경기도청북부청사,127.0716178,37.75076504,2
의정부경전철,4610,경기도청북부청사,127.0716178,37.75076504,4611,효자,127.0772266,37.75399057,1
의정부경전철,4611,효자,127.0772266,37.75399057,4612,곤제,127.0838224,37.75053716,1
의정부경전철,4612,곤제,127.0838224,37.75053716,4613,어룡,127.0852068,37.74269414,2
의정부경전철,4613,어룡,127.0852068,37.74269414,4614,송산,127.0872155,37.73727604,1
의정부경전철,4614,송산,127.0872155,37.73727604,4615,탑석,127.0889082,37.7334871,2
인천2호선,3201,검단오류,126.6279075,37.59494347,3202,왕길,126.6424774,37.59512906,1
인천2호선,3202,왕길,126.6424774,37.59512906,3203,검단사거리,126.6564384,37.60166123,2
인천2호선,3203,검단사거리,126.6564384,37.60166123,3204,마전,126.6672235,37.59763409,3
인천2호선,3204,마전,126.6672235,37.59763409,3205,완정,126.6730331,37.59283905,2
인천2호선,3205,완정,126.6730331,37.59283905,3206,독정,126.6760026,37.58484826,2
인천2호선,3206,독정,126.6760026,37.58484826,3208,검암,126.6756743,37.56867818,2
인천2호선,3207,검바위,126.6756743,37.56867818,3207,검바위,126.6756743,37.56867818,2
인천2호선,3207,검바위,126.6756743,37.56867818,3209,아시아드경기장,126.6771075,37.55131456,2
인천2호선,3209,아시아드경기장,126.6771075,37.55131456,3210,서구청,126.6768447,37.54404462,2
인천2호선,3210,서구청,126.6768447,37.54404462,3211,가정,126.6753574,37.52481686,3
인천2호선,3211,가정,126.6753574,37.52481686,3212,가정중앙시장,126.6768233,37.51752639,3
인천2호선,3212,가정중앙시장,126.6768233,37.51752639,3213,석남,126.6761493,37.50624312,2
인천2호선,3213,석남,126.6761493,37.50624312,3214,서부여성회관,126.6758705,37.5003435,1
인천2호선,3214,서부여성회관,126.6758705,37.5003435,3215,인천가좌,126.675242,37.48983607,2
인천2호선,3215,인천가좌,126.675242,37.48983607,3216,가재울,126.6837691,37.48415044,3
인천2호선,3216,가재울,126.6837691,37.48415044,3217,주안국가산단,126.6812201,37.47391267,2
인천2호선,3217,주안국가산단,126.6812201,37.47391267,3218,주안,126.6790157,37.46515522,2
인천2호선,3218,주안,126.6790157,37.46515522,3219,시민공원,126.6810746,37.45838521,2
인천2호선,3219,시민공원,126.6810746,37.45838521,3220,석바위시장,126.6923531,37.45766908,2
인천2호선,3220,석바위시장,126.6923531,37.45766908,3221,인천시청,126.6923531,37.45766908,1
인천2호선,3221,인천시청,126.6923531,37.45766908,3222,석천사거리,126.7104225,37.4567885,2
인천2호선,3222,석천사거리,126.7104225,37.4567885,3223,모래내시장,126.7196216,37.45586282,2
인천2호선,3223,모래내시장,126.7196216,37.45586282,3224,만수,126.7317362,37.45497551,1
인천2호선,3224,만수,126.7317362,37.45497551,3225,남동구청,126.7365658,37.44817473,3
인천2호선,3225,남동구청,126.7365658,37.44817473,3226,인천대공원,126.752852,37.44847661,2
인천2호선,3226,인천대공원,126.752852,37.44847661,3227,운연,126.7596067,37.4396426,2
인천1호선,3107,검단호수공원,126.6882814,37.60240645,3108,신검단중앙,126.6984792,37.60265188,1
인천1호선,3108,신검단중앙,126.6984792,37.60265188,3109,아라,126.7133804,37.59220151,2
인천1호선,3109,아라,126.7133804,37.59220151,3110,계양,126.7363346,37.5715178,4
인천1호선,3110,계양,126.7363346,37.5715178,3111,귤현,126.7426791,37.56629884,2
인천1호선,3111,귤현,126.7426791,37.56629884,3112,박촌,126.7450675,37.55366126,3
인천1호선,3112,박촌,126.7450675,37.55366126,3113,임학,126.7386334,37.54501205,2
인천1호선,3113,임학,126.7386334,37.54501205,3114,계산,126.7277312,37.54330795,2
인천1호선,3114,계산,126.7277312,37.54330795,3115,경인교대입구,126.7226313,37.53812436,2
인천1호선,3115,경인교대입구,126.7226313,37.53812436,3116,작전,126.7225608,37.5302711,1
인천1호선,3116,작전,126.7225608,37.5302711,3117,갈산,126.7215508,37.51711773,2
인천1호선,3117,갈산,126.7215508,37.51711773,3118,부평구청,126.7205831,37.50846583,2
인천1호선,3118,부평구청,126.7205831,37.50846583,3119,부평시장,126.7222854,37.49836419,2
인천1호선,3119,부평시장,126.7222854,37.49836419,3120,부평,126.7234547,37.49037683,2
인천1호선,3120,부평,126.7234547,37.49037683,3121,동수,126.7186063,37.48550716,2
인천1호선,3121,동수,126.7186063,37.48550716,3122,부평삼거리,126.7102938,37.47783483,2
인천1호선,3122,부평삼거리,126.7102938,37.47783483,3123,간석오거리,126.7079185,37.46708267,2
인천1호선,3123,간석오거리,126.7079185,37.46708267,3124,인천시청,126.7022358,37.45773584,3
인천1호선,3124,인천시청,126.7022358,37.45773584,3125,예술회관,126.7009161,37.44852598,2
인천1호선,3125,예술회관,126.7009161,37.44852598,3126,인천터미널,126.6996949,37.44191667,1
인천1호선,3126,인천터미널,126.6996949,37.44191667,3127,문학경기장,126.6984494,37.43465134,2
인천1호선,3127,문학경기장,126.6984494,37.43465134,3128,선학,126.6989232,37.42694708,1
인천1호선,3128,선학,126.6989232,37.42694708,3129,신연수,126.6940197,37.41810816,2
인천1호선,3129,신연수,126.6940197,37.41810816,3130,원인재,126.6878891,37.41236888,2
인천1호선,3130,원인재,126.6878891,37.41236888,3131,동춘,126.680851,37.40457612,2
인천1호선,3131,동춘,126.680851,37.40457612,3132,동막,126.673448,37.39794244,2
인천1호선,3132,동막,126.673448,37.39794244,3133,캠퍼스타운,126.6622061,37.38844296,2
인천1호선,3133,캠퍼스타운,126.6622061,37.38844296,3134,테크노파크,126.6562991,37.38228098,2
인천1호선,3134,테크노파크,126.6562991,37.38228098,3135,지식정보단지,126.6458614,37.37750722,2
인천1호선,3135,지식정보단지,126.6458614,37.37750722,3136,인천대입구,126.6395422,37.38620639,2
인천1호선,3136,인천대입구,126.6395422,37.38620639,3137,센트럴파크,126.6349888,37.39284554,1
인천1호선,3137,센트럴파크,126.6349888,37.39284554,3138,국제업무지구,126.6349888,37.39284554,2
인천1호선,3138,국제업무지구,126.6349888,37.39284554,3139,송도달빛축제공원,126.6260179,37.40692022,2
수인분당선,1891,인천,126.6173984,37.47646861,1890,신포,126.6245337,37.46845454,2
수인분당선,1890,신포,126.6245337,37.46845454,1889,숭의,126.6384102,37.46079961,2
수인분당선,1889,숭의,126.6384102,37.46079961,1888,인하대,126.6497634,37.44833862,3
수인분당선,1888,인하대,126.6497634,37.44833862,1886,송도,126.6546757,37.42996163,2
수인분당선,1886,송도,126.6546757,37.42996163,1885,연수,126.6787475,37.41792798,4
수인분당선,1885,연수,126.6787475,37.41792798,1884,원인재,126.6864578,37.41321205,2
수인분당선,1884,원인재,126.6864578,37.41321205,1883,남동인더스파크,126.6952275,37.40774238,2
수인분당선,1883,남동인더스파크,126.6952275,37.40774238,1882,호구포,126.7086832,37.40164217,2
수인분당선,1882,호구포,126.7086832,37.40164217,1881,인천논현,126.7224521,37.40065895,2
수인분당선,1881,인천논현,126.7224521,37.40065895,1880,소래포구,126.7334921,37.40094023,2
수인분당선,1880,소래포구,126.7334921,37.40094023,1879,월곶,126.7427076,37.3918207,2
수인분당선,1879,월곶,126.7427076,37.3918207,1878,달월,126.7454035,37.38002677,2
수인분당선,1878,달월,126.7454035,37.38002677,1800,오이도,126.7389231,37.36292924,3
수인분당선,1800,오이도,126.7389231,37.36292924,1836,정왕,126.7422611,37.35201252,2
수인분당선,1836,정왕,126.7422611,37.35201252,1835,신길온천,126.7665588,37.3378925,3
수인분당선,1835,신길온천,126.7665588,37.3378925,1834,안산,126.7880188,37.32740076,3
수인분당선,1834,안산,126.7880188,37.32740076,1833,초지,126.8054622,37.32089644,3
수인분당선,1833,초지,126.8054622,37.32089644,1832,고잔,126.8224705,37.31682529,2
수인분당선,1832,고잔,126.8224705,37.31682529,1831,중앙,126.8379593,37.31604018,2
수인분당선,1831,중앙,126.8379593,37.31604018,1830,한대앞,126.8532456,37.31020701,3
수인분당선,1830,한대앞,126.8532456,37.31020701,1877,사리,126.8571044,37.29064124,4
수인분당선,1877,사리,126.8571044,37.29064124,1876,야목,126.8837734,37.26142267,4
수인분당선,1876,야목,126.8837734,37.26142267,1875,어천,126.9088,37.25008785,3
수인분당선,1875,어천,126.9088,37.25008785,1874,오목천,126.9639028,37.24335963,5
수인분당선,1874,오목천,126.9639028,37.24335963,1873,고색,126.9805725,37.24977177,2
수인분당선,1873,고색,126.9805725,37.24977177,1846,수원,127.0000947,37.26579031,4
수인분당선,1846,수원,127.0000947,37.26579031,1872,매교,127.0159006,37.26551532,3
수인분당선,1872,매교,127.0159006,37.26551532,1871,수원시청,127.0308572,37.26192262,2
수인분당선,1871,수원시청,127.0308572,37.26192262,1870,매탄권선,127.0408087,37.25250551,2
수인분당선,1870,매탄권선,127.0408087,37.25250551,1869,망포,127.0568548,37.24583837,3
수인분당선,1869,망포,127.0568548,37.24583837,1868,영통,127.0713319,37.25150351,3
수인분당선,1868,영통,127.0713319,37.25150351,1867,청명,127.078969,37.25953957,2
수인분당선,1867,청명,127.078969,37.25953957,1866,상갈,127.1087373,37.26181183,2
수인분당선,1866,상갈,127.1087373,37.26181183,1865,기흥,127.1170465,37.27545288,4
수인분당선,1865,기흥,127.1170465,37.27545288,1864,신갈,127.1112848,37.28614836,3
수인분당선,1864,신갈,127.1112848,37.28614836,1863,구성,127.1056958,37.29897885,2
수인분당선,1863,구성,127.1056958,37.29897885,1861,보정,127.1083368,37.31277492,3
수인분당선,1861,보정,127.1083368,37.31277492,1862,죽전,127.107505,37.32437738,3
수인분당선,1862,죽전,127.107505,37.32437738,1859,오리,127.1089489,37.33983055,3
수인분당선,1859,오리,127.1089489,37.33983055,1858,미금,127.1090066,37.3500716,2
수인분당선,1858,미금,127.1090066,37.3500716,1857,정자,127.1080975,37.36617379,3
수인분당선,1857,정자,127.1080975,37.36617379,1856,수내,127.1142888,37.37846877,2
수인분당선,1856,수내,127.1142888,37.37846877,1855,서현,127.1234315,37.38501543,2
수인분당선,1855,서현,127.1234315,37.38501543,1860,이매,127.1282879,37.39620906,2
수인분당선,1860,이매,127.1282879,37.39620906,1854,야탐,127.1287307,37.41145159,3
수인분당선,1854,야탐,127.1287307,37.41145159,1853,모란,127.1299705,37.43403829,3
수인분당선,1853,모란,127.1299705,37.43403829,1852,태평,127.1277498,37.43978919,2
수인분당선,1852,태평,127.1277498,37.43978919,1851,가천대,127.1266968,37.44856169,2
수인분당선,1851,가천대,127.1266968,37.44856169,1031,복정,127.1265776,37.46904182,3
수인분당선,1031,복정,127.1265776,37.46904182,1030,수서,127.1009694,37.48791649,4
수인분당선,1030,수서,127.1009694,37.48791649,1028,대모산입구,127.0730703,37.49155008,1
수인분당선,1028,대모산입구,127.0730703,37.49155008,1027,개포동,127.0661207,37.48913947,1
수인분당선,1027,개포동,127.0661207,37.48913947,1026,구룡,127.0594929,37.48702743,2
수인분당선,1026,구룡,127.0594929,37.48702743,1025,도곡,127.0554988,37.49097398,2
수인분당선,1025,도곡,127.0554988,37.49097398,1024,한티,127.0529097,37.4962857,1
수인분당선,1024,한티,127.0529097,37.4962857,1023,선릉,127.0487099,37.50516783,2
수인분당선,1023,선릉,127.0487099,37.50516783,1850,선정릉,127.0440149,37.51032432,2
수인분당선,1850,선정릉,127.0440149,37.51032432,1849,강남구청,127.0413109,37.51721617,2
수인분당선,1849,강남구청,127.0413109,37.51721617,1848,압구정로데오,127.0406028,37.52751848,2
수인분당선,1848,압구정로데오,127.0406028,37.52751848,1847,서울숲,127.0447462,37.5436458,1
수인분당선,1847,서울숲,127.0447462,37.5436458,102C,왕십리,127.0387838,37.56063983,3
수인분당선,102C,왕십리,127.0387838,37.56063983,1845,청량리,127.0478479,37.58089538,5